ds,hour,day,Solar Energy Generated,Solar Energy Consumed,Excess Solar Energy,Total Energy Consumed,Carbon Intensity gCOâ‚‚eq/kWh (direct),CO2 Emissions,Battery Charge (kWh),Battery Discharge (kWh),Battery Level (kWh),Grid Energy Used (kWh),Adjusted CO2 Emissions (with Battery)
2024-09-01 00:00:00,0,1,0,0.0,0.0,110.85588836669922,170.04,18849.935257873534,0.0,0.0,0.0,110.85588836669922,18849.935257873534
2024-09-01 01:00:00,1,1,0,0.0,0.0,107.34120178222656,175.13,18798.66466812134,0.0,0.0,0.0,107.34120178222656,18798.66466812134
2024-09-01 02:00:00,2,1,0,0.0,0.0,105.55030822753906,175.53,18527.24560317993,0.0,0.0,0.0,105.55030822753906,18527.24560317993
2024-09-01 03:00:00,3,1,0,0.0,0.0,106.84010314941406,174.22,18613.682770690917,0.0,0.0,0.0,106.84010314941406,18613.682770690917
2024-09-01 04:00:00,4,1,0,0.0,0.0,105.87979125976562,175.05,18534.257460021974,0.0,0.0,0.0,105.87979125976562,18534.257460021974
2024-09-01 05:00:00,5,1,0,0.0,0.0,106.00039672851562,170.19,18040.207519226075,0.0,0.0,0.0,106.00039672851562,18040.207519226075
2024-09-01 06:00:00,6,1,0,0.0,0.0,105.4976806640625,159.95,16874.354022216794,0.0,0.0,0.0,105.4976806640625,16874.354022216794
2024-09-01 07:00:00,7,1,0,0.0,0.0,101.1223373413086,123.35,12473.440311050414,0.0,0.0,0.0,101.1223373413086,12473.440311050414
2024-09-01 08:00:00,8,1,0,0.0,0.0,97.69123840332033,81.8,7991.143301391602,0.0,0.0,0.0,97.69123840332033,7991.143301391602
2024-09-01 09:00:00,9,1,4,6.05,0.0,64.4134292602539,66.29,4269.966225662231,0.0,0.0,0.0,64.4134292602539,4269.966225662231
2024-09-01 10:00:00,10,1,10,20.56,0.0,43.48149871826172,57.99,2521.492110671997,0.0,0.0,0.0,43.48149871826172,2521.492110671997
2024-09-01 11:00:00,11,1,20,26.05,0.0,40.48365020751953,55.83,2260.2021910858152,0.0,0.0,0.0,40.48365020751953,2260.2021910858152
2024-09-01 12:00:00,12,1,30,13.14,16.86,55.56610870361328,48.66,2703.846849517822,16.86,0.0,16.86,55.56610870361328,2703.846849517822
2024-09-01 13:00:00,13,1,39,31.26,7.739999999999998,47.57512664794922,47.05,2238.4097087860105,7.739999999999998,0.0,24.599999999999998,47.57512664794922,2238.4097087860105
2024-09-01 14:00:00,14,1,45,36.67,8.329999999999998,41.42887115478516,47.9,1984.4429283142092,8.329999999999998,0.0,32.92999999999999,41.42887115478516,1984.4429283142092
2024-09-01 15:00:00,15,1,47,16.85,30.15,47.58536529541016,54.81,2608.1538718414313,30.15,0.0,63.07999999999999,47.58536529541016,2608.1538718414313
2024-09-01 16:00:00,16,1,46,14.13,31.869999999999997,54.394168853759766,68.23,3711.314140892029,31.869999999999997,0.0,94.94999999999999,54.394168853759766,3711.314140892029
2024-09-01 17:00:00,17,1,40,12.21,27.79,55.62261962890625,111.68,6211.93416015625,5.050000000000011,0.0,100.0,55.62261962890625,6211.93416015625
2024-09-01 18:00:00,18,1,31,83.43,0.0,9.58168601989746,154.65,1481.8077429771422,0.0,9.58168601989746,90.41831398010254,0.0,0.0
2024-09-01 19:00:00,19,1,23,46.62,0.0,26.942745208740234,175.0,4714.980411529541,0.0,26.942745208740234,63.475568771362305,0.0,0.0
2024-09-01 20:00:00,20,1,11,19.23,0.0,53.62102508544922,175.76,9424.431369018554,0.0,53.62102508544922,9.854543685913086,0.0,0.0
2024-09-01 21:00:00,21,1,4,2.43,1.5699999999999998,73.34294128417969,168.76,12377.354771118164,0.0,9.854543685913086,0.0,63.4883975982666,10714.30197868347
2024-09-01 22:00:00,22,1,0,-0.07,0.07,106.42677307128906,155.6,16560.005889892578,0.0,0.0,0.0,106.42677307128906,16560.005889892578
2024-09-01 23:00:00,23,1,0,0.0,0.0,104.55496215820312,152.98,15994.818110961913,0.0,0.0,0.0,104.55496215820312,15994.818110961913
2024-09-02 00:00:00,0,2,0,0.0,0.0,104.53553771972656,156.26,16334.723124084472,0.0,0.0,0.0,104.53553771972656,16334.723124084472
2024-09-02 01:00:00,1,2,0,0.0,0.0,100.90167999267578,164.21,16569.06487159729,0.0,0.0,0.0,100.90167999267578,16569.06487159729
2024-09-02 02:00:00,2,2,0,0.0,0.0,103.88633728027344,169.97,17657.560747528078,0.0,0.0,0.0,103.88633728027344,17657.560747528078
2024-09-02 03:00:00,3,2,0,0.0,0.0,100.4875030517578,168.78,16960.28076507568,0.0,0.0,0.0,100.4875030517578,16960.28076507568
2024-09-02 04:00:00,4,2,0,0.0,0.0,102.48749542236328,170.79,17503.839343185424,0.0,0.0,0.0,102.48749542236328,17503.839343185424
2024-09-02 05:00:00,5,2,0,0.0,0.0,99.7064208984375,172.28,17177.42219238281,0.0,0.0,0.0,99.7064208984375,17177.42219238281
2024-09-02 06:00:00,6,2,0,0.0,0.0,106.79298400878906,183.41,19586.901197052,0.0,0.0,0.0,106.79298400878906,19586.901197052
2024-09-02 07:00:00,7,2,0,0.0,0.0,149.03890991210938,149.2,22236.605358886718,0.0,0.0,0.0,149.03890991210938,22236.605358886718
2024-09-02 08:00:00,8,2,0,0.26,0.0,540.367431640625,98.84,53409.91694335938,0.0,0.0,0.0,540.367431640625,53409.91694335938
2024-09-02 09:00:00,9,2,6,6.74,0.0,579.0808715820312,78.44,45423.10356689453,0.0,0.0,0.0,579.0808715820312,45423.10356689453
2024-09-02 10:00:00,10,2,28,34.64,0.0,599.533447265625,73.54,44089.68971191406,0.0,0.0,0.0,599.533447265625,44089.68971191406
2024-09-02 11:00:00,11,2,69,70.8,0.0,298.34246826171875,74.8,22316.01662597656,0.0,0.0,0.0,298.34246826171875,22316.01662597656
2024-09-02 12:00:00,12,2,100,107.86,0.0,344.21051025390625,70.53,24277.16728820801,0.0,0.0,0.0,344.21051025390625,24277.16728820801
2024-09-02 13:00:00,13,2,112,125.28,0.0,349.2796325683594,71.95,25130.669563293457,0.0,0.0,0.0,349.2796325683594,25130.669563293457
2024-09-02 14:00:00,14,2,110,127.19,0.0,309.8568725585937,73.73,22845.747213745115,0.0,0.0,0.0,309.8568725585937,22845.747213745115
2024-09-02 15:00:00,15,2,109,111.49,0.0,151.9285888671875,81.17,12332.04355834961,0.0,0.0,0.0,151.9285888671875,12332.04355834961
2024-09-02 16:00:00,16,2,105,123.61,0.0,149.67266845703125,95.2,14248.838037109375,0.0,0.0,0.0,149.67266845703125,14248.838037109375
2024-09-02 17:00:00,17,2,95,116.12,0.0,186.887451171875,119.28,22291.93517578125,0.0,0.0,0.0,186.887451171875,22291.93517578125
2024-09-02 18:00:00,18,2,78,95.04,0.0,204.197265625,156.81,32020.17322265625,0.0,0.0,0.0,204.197265625,32020.17322265625
2024-09-02 19:00:00,19,2,54,59.92,0.0,263.8353271484375,153.39,40469.700831298826,0.0,0.0,0.0,263.8353271484375,40469.700831298826
2024-09-02 20:00:00,20,2,20,19.53,0.46999999999999886,295.2064514160156,141.52,41777.61700439453,0.0,0.0,0.0,295.2064514160156,41777.61700439453
2024-09-02 21:00:00,21,2,6,1.85,4.15,108.08871459960938,128.65,13905.613133239747,0.0,0.0,0.0,108.08871459960938,13905.613133239747
2024-09-02 22:00:00,22,2,0,-0.03,0.03,127.0813217163086,121.33,15418.776763839722,0.0,0.0,0.0,127.0813217163086,15418.776763839722
2024-09-02 23:00:00,23,2,0,0.0,0.0,112.2839813232422,115.75,12996.870838165285,0.0,0.0,0.0,112.2839813232422,12996.870838165285
2024-09-03 00:00:00,0,3,0,0.0,0.0,106.626220703125,115.25,12288.671936035156,0.0,0.0,0.0,106.626220703125,12288.671936035156
2024-09-03 01:00:00,1,3,0,0.0,0.0,106.90274047851562,116.68,12473.411759033204,0.0,0.0,0.0,106.90274047851562,12473.411759033204
2024-09-03 02:00:00,2,3,0,0.0,0.0,108.76618957519533,118.27,12863.777241058351,0.0,0.0,0.0,108.76618957519533,12863.777241058351
2024-09-03 03:00:00,3,3,0,0.0,0.0,107.68450164794922,121.66,13100.896470489502,0.0,0.0,0.0,107.68450164794922,13100.896470489502
2024-09-03 04:00:00,4,3,0,0.0,0.0,105.32978057861328,130.24,13718.150622558594,0.0,0.0,0.0,105.32978057861328,13718.150622558594
2024-09-03 05:00:00,5,3,0,0.0,0.0,111.48130798339844,149.31,16645.27409500122,0.0,0.0,0.0,111.48130798339844,16645.27409500122
2024-09-03 06:00:00,6,3,0,0.0,0.0,108.46063232421876,161.01,17463.24641052246,0.0,0.0,0.0,108.46063232421876,17463.24641052246
2024-09-03 07:00:00,7,3,0,0.0,0.0,153.92298889160156,142.07,21867.839031829833,0.0,0.0,0.0,153.92298889160156,21867.839031829833
2024-09-03 08:00:00,8,3,0,0.23,0.0,522.8995361328125,106.5,55688.80059814453,0.0,0.0,0.0,522.8995361328125,55688.80059814453
2024-09-03 09:00:00,9,3,9,7.29,1.71,546.6914672851562,86.31,47184.94054138184,1.71,0.0,1.71,546.6914672851562,47184.94054138184
2024-09-03 10:00:00,10,3,32,37.49,0.0,456.1461791992188,79.53,36277.30563171387,0.0,0.0,1.71,456.1461791992188,36277.30563171387
2024-09-03 11:00:00,11,3,72,80.06,0.0,364.3153076171875,77.03,28063.208145751953,0.0,0.0,1.71,364.3153076171875,28063.208145751953
2024-09-03 12:00:00,12,3,101,113.19,0.0,405.590576171875,71.93,29174.13014404297,0.0,0.0,1.71,405.590576171875,29174.13014404297
2024-09-03 13:00:00,13,3,111,124.93,0.0,510.2633666992188,69.06,35238.78810424805,0.0,0.0,1.71,510.2633666992188,35238.78810424805
2024-09-03 14:00:00,14,3,110,128.6,0.0,427.5072326660156,68.11,29117.517616882324,0.0,0.0,1.71,427.5072326660156,29117.517616882324
2024-09-03 15:00:00,15,3,107,122.26,0.0,78.32479095458984,67.96,5322.952793273926,0.0,0.0,1.71,78.32479095458984,5322.952793273926
2024-09-03 16:00:00,16,3,101,114.36,0.0,111.4866943359375,77.59,8650.25261352539,0.0,0.0,1.71,111.4866943359375,8650.25261352539
2024-09-03 17:00:00,17,3,91,90.8,0.20000000000000284,192.7982177734375,109.84,21176.956240234376,0.20000000000000284,0.0,1.9100000000000028,192.7982177734375,21176.956240234376
2024-09-03 18:00:00,18,3,74,77.23,0.0,230.98361206054688,146.58,33857.57785583496,0.0,1.9100000000000028,0.0,229.07361206054688,33577.610055834964
2024-09-03 19:00:00,19,3,51,38.07,12.93,263.0296936035156,153.59,40398.73064056397,0.0,0.0,0.0,263.0296936035156,40398.73064056397
2024-09-03 20:00:00,20,3,19,17.47,1.5300000000000011,268.2010192871094,148.5,39827.85136413574,0.0,0.0,0.0,268.2010192871094,39827.85136413574
2024-09-03 21:00:00,21,3,6,3.06,2.94,140.68527221679688,133.11,18726.616584777836,0.0,0.0,0.0,140.68527221679688,18726.616584777836
2024-09-03 22:00:00,22,3,0,-0.1,0.1,132.34963989257812,118.04,15622.551492919923,0.0,0.0,0.0,132.34963989257812,15622.551492919923
2024-09-03 23:00:00,23,3,0,0.0,0.0,192.55311554855024,109.8,21142.332087230814,0.0,0.0,0.0,192.55311554855024,21142.332087230814
2024-09-04 00:00:00,0,4,0,0.0,0.0,192.55311554855024,107.65,20728.342888801435,0.0,0.0,0.0,192.55311554855024,20728.342888801435
2024-09-04 01:00:00,1,4,0,0.0,0.0,111.61296844482422,109.72,12246.174897766114,0.0,0.0,0.0,111.61296844482422,12246.174897766114
2024-09-04 02:00:00,2,4,0,0.0,0.0,113.62938690185548,113.18,12860.574009552005,0.0,0.0,0.0,113.62938690185548,12860.574009552005
2024-09-04 03:00:00,3,4,0,0.0,0.0,111.25675964355467,112.02,12462.982215270995,0.0,0.0,0.0,111.25675964355467,12462.982215270995
2024-09-04 04:00:00,4,4,0,0.0,0.0,114.19965362548828,118.36,13516.671003112793,0.0,0.0,0.0,114.19965362548828,13516.671003112793
2024-09-04 05:00:00,5,4,0,0.0,0.0,110.80889892578124,130.76,14489.371623535153,0.0,0.0,0.0,110.80889892578124,14489.371623535153
2024-09-04 06:00:00,6,4,0,0.0,0.0,105.5642547607422,141.11,14896.171989288334,0.0,0.0,0.0,105.5642547607422,14896.171989288334
2024-09-04 07:00:00,7,4,0,0.0,0.0,152.39501953125,118.53,18063.38166503906,0.0,0.0,0.0,152.39501953125,18063.38166503906
2024-09-04 08:00:00,8,4,0,0.14,0.0,558.9171142578125,79.65,44517.74815063477,0.0,0.0,0.0,558.9171142578125,44517.74815063477
2024-09-04 09:00:00,9,4,10,4.61,5.39,514.2966918945312,60.18,30950.374918212892,5.39,0.0,5.39,514.2966918945312,30950.374918212892
2024-09-04 10:00:00,10,4,33,26.05,6.949999999999999,482.9991455078125,56.83,27448.841439208984,6.949999999999999,0.0,12.34,482.9991455078125,27448.841439208984
2024-09-04 11:00:00,11,4,68,84.08,0.0,332.49908447265625,58.03,19294.92187194824,0.0,0.0,12.34,332.49908447265625,19294.92187194824
2024-09-04 12:00:00,12,4,94,120.27,0.0,421.916015625,59.34,25036.4963671875,0.0,0.0,12.34,421.916015625,25036.4963671875
2024-09-04 13:00:00,13,4,106,132.91,0.0,598.9739379882812,58.48,35027.99589355469,0.0,0.0,12.34,598.9739379882812,35027.99589355469
2024-09-04 14:00:00,14,4,102,122.55,0.0,319.28582763671875,58.1,18550.50658569336,0.0,0.0,12.34,319.28582763671875,18550.50658569336
2024-09-04 15:00:00,15,4,97,85.1,11.900000000000006,97.85929107666016,58.08,5683.667625732422,11.900000000000006,0.0,24.240000000000006,97.85929107666016,5683.667625732422
2024-09-04 16:00:00,16,4,94,22.49,71.51,93.7627410888672,64.73,6069.262230682374,71.51,0.0,95.75000000000001,93.7627410888672,6069.262230682374
2024-09-04 17:00:00,17,4,87,17.83,69.17,81.40731048583984,96.46,7852.5491694641105,4.249999999999986,0.0,100.0,81.40731048583984,7852.5491694641105
2024-09-04 18:00:00,18,4,72,90.72,0.0,227.18240356445312,144.33,32789.236306457526,0.0,100.0,0.0,127.18240356445312,18356.236306457522
2024-09-04 19:00:00,19,4,49,60.48,0.0,238.86941528320312,158.91,37958.73878265381,0.0,0.0,0.0,238.86941528320312,37958.73878265381
2024-09-04 20:00:00,20,4,20,16.5,3.5,297.9515075683594,142.88,42571.31140136719,0.0,0.0,0.0,297.9515075683594,42571.31140136719
2024-09-04 21:00:00,21,4,7,2.17,4.83,112.89285278320312,133.74,15098.290131225587,0.0,0.0,0.0,112.89285278320312,15098.290131225587
2024-09-04 22:00:00,22,4,0,-0.12,0.12,121.96859741210938,119.3,14550.853671264647,0.0,0.0,0.0,121.96859741210938,14550.853671264647
2024-09-04 23:00:00,23,4,0,0.0,0.0,117.44890594482422,119.77,14066.855465011597,0.0,0.0,0.0,117.44890594482422,14066.855465011597
2024-09-05 00:00:00,0,5,0,0.0,0.0,111.57052612304688,120.56,13450.94262939453,0.0,0.0,0.0,111.57052612304688,13450.94262939453
2024-09-05 01:00:00,1,5,0,0.0,0.0,108.71453857421876,120.38,13087.056153564454,0.0,0.0,0.0,108.71453857421876,13087.056153564454
2024-09-05 02:00:00,2,5,0,0.0,0.0,46.20127868652344,121.21,5600.056989593506,0.0,0.0,0.0,46.20127868652344,5600.056989593506
2024-09-05 03:00:00,3,5,0,0.0,0.0,45.676246643066406,129.08,5895.889916687012,0.0,0.0,0.0,45.676246643066406,5895.889916687012
2024-09-05 04:00:00,4,5,0,0.0,0.0,107.77391052246094,133.14,14349.018446960448,0.0,0.0,0.0,107.77391052246094,14349.018446960448
2024-09-05 05:00:00,5,5,0,0.0,0.0,109.5806121826172,140.2,15363.20182800293,0.0,0.0,0.0,109.5806121826172,15363.20182800293
2024-09-05 06:00:00,6,5,0,0.0,0.0,108.81134033203124,140.76,15316.284265136715,0.0,0.0,0.0,108.81134033203124,15316.284265136715
2024-09-05 07:00:00,7,5,0,0.0,0.0,160.97628784179688,111.44,17939.197517089844,0.0,0.0,0.0,160.97628784179688,17939.197517089844
2024-09-05 08:00:00,8,5,2,0.47,1.53,555.9889526367188,74.92,41654.69233154297,1.53,0.0,1.53,555.9889526367188,41654.69233154297
2024-09-05 09:00:00,9,5,12,8.29,3.710000000000001,552.114013671875,60.7,33513.320629882815,3.710000000000001,0.0,5.240000000000001,552.114013671875,33513.320629882815
2024-09-05 10:00:00,10,5,34,34.62,0.0,551.6611328125,57.4,31665.3490234375,0.0,0.0,5.240000000000001,551.6611328125,31665.3490234375
2024-09-05 11:00:00,11,5,68,70.74,0.0,429.39105224609375,54.66,23470.514915771484,0.0,0.0,5.240000000000001,429.39105224609375,23470.514915771484
2024-09-05 12:00:00,12,5,95,114.58,0.0,352.43707275390625,54.62,19250.112913818357,0.0,0.0,5.240000000000001,352.43707275390625,19250.112913818357
2024-09-05 13:00:00,13,5,104,125.45,0.0,363.2925415039063,55.09,20013.7861114502,0.0,0.0,5.240000000000001,363.2925415039063,20013.7861114502
2024-09-05 14:00:00,14,5,103,111.78,0.0,302.9217529296875,57.16,17315.007397460937,0.0,0.0,5.240000000000001,302.9217529296875,17315.007397460937
2024-09-05 15:00:00,15,5,101,75.05,25.950000000000003,106.3572235107422,63.69,6773.891565399171,25.950000000000003,0.0,31.190000000000005,106.3572235107422,6773.891565399171
2024-09-05 16:00:00,16,5,97,109.51,0.0,116.98292541503906,89.74,10498.047726745604,0.0,0.0,31.190000000000005,116.98292541503906,10498.047726745604
2024-09-05 17:00:00,17,5,85,92.26,0.0,135.4846954345703,129.89,17598.107089996334,0.0,0.0,31.190000000000005,135.4846954345703,17598.107089996334
2024-09-05 18:00:00,18,5,64,74.54,0.0,106.57545471191406,158.77,16920.984944610598,0.0,31.190000000000005,0.0,75.38545471191406,11968.948644610597
2024-09-05 19:00:00,19,5,40,35.24,4.759999999999998,148.4403839111328,157.98,23450.61185028076,0.0,0.0,0.0,148.4403839111328,23450.61185028076
2024-09-05 20:00:00,20,5,16,15.38,0.6199999999999992,305.3340148925781,151.01,46108.48958892822,0.0,0.0,0.0,305.3340148925781,46108.48958892822
2024-09-05 21:00:00,21,5,6,1.64,4.36,141.9413299560547,139.43,19790.879635772708,0.0,0.0,0.0,141.9413299560547,19790.879635772708
2024-09-05 22:00:00,22,5,0,-0.01,0.01,123.44835662841795,123.27,15217.478921585081,0.0,0.0,0.0,123.44835662841795,15217.478921585081
2024-09-05 23:00:00,23,5,0,0.0,0.0,127.18341064453124,114.59,14573.947025756836,0.0,0.0,0.0,127.18341064453124,14573.947025756836
2024-09-06 00:00:00,0,6,0,0.0,0.0,116.48008728027344,114.06,13285.718755187989,0.0,0.0,0.0,116.48008728027344,13285.718755187989
2024-09-06 01:00:00,1,6,0,0.0,0.0,102.21360778808594,113.06,11556.270496520996,0.0,0.0,0.0,102.21360778808594,11556.270496520996
2024-09-06 02:00:00,2,6,0,0.0,0.0,103.5816421508789,117.2,12139.768460083009,0.0,0.0,0.0,103.5816421508789,12139.768460083009
2024-09-06 03:00:00,3,6,0,0.0,0.0,100.11378479003906,119.66,11979.615487976074,0.0,0.0,0.0,100.11378479003906,11979.615487976074
2024-09-06 04:00:00,4,6,0,0.0,0.0,102.64089965820312,119.6,12275.851599121093,0.0,0.0,0.0,102.64089965820312,12275.851599121093
2024-09-06 05:00:00,5,6,0,0.0,0.0,101.178955078125,126.72,12821.3971875,0.0,0.0,0.0,101.178955078125,12821.3971875
2024-09-06 06:00:00,6,6,0,0.0,0.0,100.8783187866211,131.66,13281.639451446534,0.0,0.0,0.0,100.8783187866211,13281.639451446534
2024-09-06 07:00:00,7,6,0,0.0,0.0,173.91204833984375,100.4,17460.769653320312,0.0,0.0,0.0,173.91204833984375,17460.769653320312
2024-09-06 08:00:00,8,6,4,0.2,3.8,492.9554748535156,65.85,32461.118019104,3.8,0.0,3.8,492.9554748535156,32461.118019104
2024-09-06 09:00:00,9,6,15,6.37,8.629999999999999,461.6643676757813,52.66,24311.24560180664,8.629999999999999,0.0,12.43,461.6643676757813,24311.24560180664
2024-09-06 10:00:00,10,6,37,20.84,16.16,434.602783203125,50.21,21821.405744628908,16.16,0.0,28.59,434.602783203125,21821.405744628908
2024-09-06 11:00:00,11,6,65,87.67,0.0,163.63084411621094,47.65,7797.009722137451,0.0,0.0,28.59,163.63084411621094,7797.009722137451
2024-09-06 12:00:00,12,6,86,113.51,0.0,206.36183166503903,46.96,9690.751614990233,0.0,0.0,28.59,206.36183166503903,9690.751614990233
2024-09-06 13:00:00,13,6,95,126.32,0.0,334.1552734375,47.19,15768.787353515625,0.0,0.0,28.59,334.1552734375,15768.787353515625
2024-09-06 14:00:00,14,6,96,121.98,0.0,248.3540496826172,47.71,11848.971710357666,0.0,0.0,28.59,248.3540496826172,11848.971710357666
2024-09-06 15:00:00,15,6,95,50.33,44.67,86.30104064941406,48.26,4164.888221740723,44.67,0.0,73.26,86.30104064941406,4164.888221740723
2024-09-06 16:00:00,16,6,93,78.05,14.950000000000003,87.8863525390625,57.8,5079.8311767578125,14.950000000000003,0.0,88.21000000000001,87.8863525390625,5079.8311767578125
2024-09-06 17:00:00,17,6,84,34.21,49.79,101.84684753417967,96.21,9798.685201263426,11.789999999999992,0.0,100.0,101.84684753417967,9798.685201263426
2024-09-06 18:00:00,18,6,69,99.33,0.0,194.8986358642578,134.92,26295.723950805663,0.0,100.0,0.0,94.89863586425781,12803.723950805663
2024-09-06 19:00:00,19,6,51,59.13,0.0,240.23619079589844,153.76,36938.716696777345,0.0,0.0,0.0,240.23619079589844,36938.716696777345
2024-09-06 20:00:00,20,6,22,18.52,3.4800000000000004,299.2033996582031,155.12,46412.43135498047,0.0,0.0,0.0,299.2033996582031,46412.43135498047
2024-09-06 21:00:00,21,6,9,1.52,7.48,98.83479309082033,146.54,14483.25057952881,0.0,0.0,0.0,98.83479309082033,14483.25057952881
2024-09-06 22:00:00,22,6,0,-0.03,0.03,126.13084411621094,132.37,16695.93983566284,0.0,0.0,0.0,126.13084411621094,16695.93983566284
2024-09-06 23:00:00,23,6,0,0.0,0.0,128.71044921875,116.45,14988.331811523438,0.0,0.0,0.0,128.71044921875,14988.331811523438
2024-09-07 00:00:00,0,7,0,0.03,0.0,109.42599487304688,116.4,12737.185803222657,0.0,0.0,0.0,109.42599487304688,12737.185803222657
2024-09-07 01:00:00,1,7,0,-0.03,0.03,101.62361145019533,115.4,11727.36476135254,0.03,0.0,0.03,101.62361145019533,11727.36476135254
2024-09-07 02:00:00,2,7,0,0.0,0.0,101.890380859375,114.58,11674.599838867187,0.0,0.0,0.03,101.890380859375,11674.599838867187
2024-09-07 03:00:00,3,7,0,0.0,0.0,98.14865112304688,110.42,10837.574057006836,0.0,0.0,0.03,98.14865112304688,10837.574057006836
2024-09-07 04:00:00,4,7,0,0.0,0.0,59.11169052124024,113.47,6707.40352344513,0.0,0.0,0.03,59.11169052124024,6707.40352344513
2024-09-07 05:00:00,5,7,0,0.0,0.0,56.838775634765625,116.52,6622.85413696289,0.0,0.0,0.03,56.838775634765625,6622.85413696289
2024-09-07 06:00:00,6,7,0,0.0,0.0,102.7294921875,108.69,11165.668505859374,0.0,0.0,0.03,102.7294921875,11165.668505859374
2024-09-07 07:00:00,7,7,0,0.0,0.0,103.80906677246094,63.1,6550.3521133422855,0.0,0.0,0.03,103.80906677246094,6550.3521133422855
2024-09-07 08:00:00,8,7,4,0.0,4.0,95.88201904296876,42.82,4105.668055419923,4.0,0.0,4.03,95.88201904296876,4105.668055419923
2024-09-07 09:00:00,9,7,11,0.0,11.0,64.78549194335938,35.19,2279.801461486816,11.0,0.0,15.030000000000001,64.78549194335938,2279.801461486816
2024-09-07 10:00:00,10,7,20,0.0,20.0,50.80099487304688,32.77,1664.7486019897465,20.0,0.0,35.03,50.80099487304688,1664.7486019897465
2024-09-07 11:00:00,11,7,30,0.0,30.0,57.27731323242188,33.28,1906.1889843750002,30.0,0.0,65.03,57.27731323242188,1906.1889843750002
2024-09-07 12:00:00,12,7,40,0.0,40.0,57.59617614746094,33.8,1946.7507537841796,34.97,0.0,100.0,57.59617614746094,1946.7507537841796
2024-09-07 13:00:00,13,7,49,0.0,49.0,59.43793487548828,38.46,2285.9829753112795,0.0,0.0,100.0,59.43793487548828,2285.9829753112795
2024-09-07 14:00:00,14,7,52,0.0,52.0,56.64710998535156,43.22,2448.2880935668945,0.0,0.0,100.0,56.64710998535156,2448.2880935668945
2024-09-07 15:00:00,15,7,54,0.0,54.0,53.93902587890625,50.82,2741.181295166016,0.0,0.0,100.0,53.93902587890625,2741.181295166016
2024-09-07 16:00:00,16,7,52,0.0,52.0,5.465219020843506,73.34,400.81916298866275,0.0,0.0,100.0,5.465219020843506,400.81916298866275
2024-09-07 17:00:00,17,7,46,0.0,46.0,2.0,124.49,248.98,0.0,0.0,100.0,2.0,248.98
2024-09-07 18:00:00,18,7,38,0.0,38.0,14.539580345153809,148.67,2161.5994099140166,0.0,14.539580345153809,85.46041965484619,0.0,0.0
2024-09-07 19:00:00,19,7,28,0.0,28.0,41.90222930908203,158.87,6657.007170333863,0.0,41.90222930908203,43.55819034576416,0.0,0.0
2024-09-07 20:00:00,20,7,14,0.0,14.0,64.135498046875,157.24,10084.665712890626,0.0,43.55819034576416,0.0,20.57730770111084,3235.5758629226684
2024-09-07 21:00:00,21,7,6,0.0,6.0,85.33509826660156,151.41,12920.587228546143,0.0,0.0,0.0,85.33509826660156,12920.587228546143
2024-09-07 22:00:00,22,7,0,0.0,0.0,100.6667938232422,140.51,14144.691200103762,0.0,0.0,0.0,100.6667938232422,14144.691200103762
2024-09-07 23:00:00,23,7,0,0.0,0.0,98.28839111328124,132.12,12985.862233886717,0.0,0.0,0.0,98.28839111328124,12985.862233886717
2024-09-08 00:00:00,0,8,0,0.0,0.0,97.035888671875,131.92,12800.974433593748,0.0,0.0,0.0,97.035888671875,12800.974433593748
2024-09-08 01:00:00,1,8,0,0.0,0.0,98.54478454589844,131.06,12915.27946258545,0.0,0.0,0.0,98.54478454589844,12915.27946258545
2024-09-08 02:00:00,2,8,0,0.0,0.0,120.17926025390624,141.27,16977.724096069334,0.0,0.0,0.0,120.17926025390624,16977.724096069334
2024-09-08 03:00:00,3,8,0,0.0,0.0,110.18058776855467,145.06,15982.796061706542,0.0,0.0,0.0,110.18058776855467,15982.796061706542
2024-09-08 04:00:00,4,8,0,0.0,0.0,104.08116149902344,143.82,14968.95264678955,0.0,0.0,0.0,104.08116149902344,14968.95264678955
2024-09-08 05:00:00,5,8,0,0.0,0.0,105.25553894042967,140.2,14756.826559448238,0.0,0.0,0.0,105.25553894042967,14756.826559448238
2024-09-08 06:00:00,6,8,0,0.0,0.0,102.65715026855467,128.25,13165.779521942137,0.0,0.0,0.0,102.65715026855467,13165.779521942137
2024-09-08 07:00:00,7,8,0,0.0,0.0,99.36788177490234,93.25,9266.054975509644,0.0,0.0,0.0,99.36788177490234,9266.054975509644
2024-09-08 08:00:00,8,8,4,0.0,4.0,94.9132308959961,55.98,5313.242665557861,4.0,0.0,4.0,94.9132308959961,5313.242665557861
2024-09-08 09:00:00,9,8,9,6.64,2.3600000000000003,67.0283203125,44.07,2953.938076171875,2.3600000000000003,0.0,6.36,67.0283203125,2953.938076171875
2024-09-08 10:00:00,10,8,18,21.73,0.0,44.88862228393555,42.38,1902.3798123931886,0.0,0.0,6.36,44.88862228393555,1902.3798123931886
2024-09-08 11:00:00,11,8,29,48.75,0.0,33.32438659667969,43.07,1435.2813307189942,0.0,0.0,6.36,33.32438659667969,1435.2813307189942
2024-09-08 12:00:00,12,8,39,109.17,0.0,5.0,43.07,215.35,0.0,0.0,6.36,5.0,215.35
2024-09-08 13:00:00,13,8,47,123.16,0.0,5.0,44.62,223.1,0.0,0.0,6.36,5.0,223.1
2024-09-08 14:00:00,14,8,50,126.06,0.0,4.0,45.42,181.68,0.0,0.0,6.36,4.0,181.68
2024-09-08 15:00:00,15,8,52,126.24,0.0,5.0,45.45,227.25,0.0,0.0,6.36,5.0,227.25
2024-09-08 16:00:00,16,8,51,119.94,0.0,192.55311554855024,46.7,8992.230496117296,0.0,0.0,6.36,192.55311554855024,8992.230496117296
2024-09-08 17:00:00,17,8,46,111.71,0.0,192.55311554855024,64.85,12487.069543323481,0.0,0.0,6.36,192.55311554855024,12487.069543323481
2024-09-08 18:00:00,18,8,38,89.63,0.0,5.644368648529053,115.0,649.1023945808411,0.0,5.644368648529053,0.7156313514709476,0.0,0.0
2024-09-08 19:00:00,19,8,29,42.7,0.0,27.36090087890625,124.23,3399.0447161865236,0.0,0.7156313514709476,0.0,26.645269527435303,3310.141833393288
2024-09-08 20:00:00,20,8,15,16.64,0.0,48.63086700439453,122.79,5971.384159469605,0.0,0.0,0.0,48.63086700439453,5971.384159469605
2024-09-08 21:00:00,21,8,6,1.2,4.8,80.57112121582031,121.03,9751.522800750732,0.0,0.0,0.0,80.57112121582031,9751.522800750732
2024-09-08 22:00:00,22,8,0,-0.06,0.06,98.88356018066406,114.89,11360.732229156494,0.0,0.0,0.0,98.88356018066406,11360.732229156494
2024-09-08 23:00:00,23,8,0,0.0,0.0,95.04366302490234,113.26,10764.64527420044,0.0,0.0,0.0,95.04366302490234,10764.64527420044
2024-09-09 00:00:00,0,9,0,0.0,0.0,95.60040283203124,113.58,10858.293753662108,0.0,0.0,0.0,95.60040283203124,10858.293753662108
2024-09-09 01:00:00,1,9,0,0.0,0.0,96.17947387695312,116.61,11215.488448791504,0.0,0.0,0.0,96.17947387695312,11215.488448791504
2024-09-09 02:00:00,2,9,0,0.0,0.0,95.47068786621094,115.92,11066.962137451172,0.0,0.0,0.0,95.47068786621094,11066.962137451172
2024-09-09 03:00:00,3,9,0,0.0,0.0,95.30282592773438,118.32,11276.230363769531,0.0,0.0,0.0,95.30282592773438,11276.230363769531
2024-09-09 04:00:00,4,9,0,0.0,0.0,95.09566497802734,127.02,12079.051365509033,0.0,0.0,0.0,95.09566497802734,12079.051365509033
2024-09-09 05:00:00,5,9,0,0.0,0.0,93.03085327148438,131.81,12262.396769714356,0.0,0.0,0.0,93.03085327148438,12262.396769714356
2024-09-09 06:00:00,6,9,0,0.0,0.0,94.35235595703124,128.8,12152.583447265624,0.0,0.0,0.0,94.35235595703124,12152.583447265624
2024-09-09 07:00:00,7,9,0,0.0,0.0,114.86345672607422,96.17,11046.418633346559,0.0,0.0,0.0,114.86345672607422,11046.418633346559
2024-09-09 08:00:00,8,9,0,0.2,0.0,686.3179931640625,59.4,40767.288793945314,0.0,0.0,0.0,686.3179931640625,40767.288793945314
2024-09-09 09:00:00,9,9,12,6.24,5.76,686.6978149414062,46.12,31670.503225097655,5.76,0.0,5.76,686.6978149414062,31670.503225097655
2024-09-09 10:00:00,10,9,46,39.69,6.310000000000002,637.1886596679688,45.19,28794.555530395508,6.310000000000002,0.0,12.070000000000002,637.1886596679688,28794.555530395508
2024-09-09 11:00:00,11,9,92,85.47,6.530000000000001,490.51513671875,45.55,22342.964477539062,6.530000000000001,0.0,18.6,490.51513671875,22342.964477539062
2024-09-09 12:00:00,12,9,116,118.78,0.0,501.64404296875,46.28,23216.08630859375,0.0,0.0,18.6,501.64404296875,23216.08630859375
2024-09-09 13:00:00,13,9,122,129.37,0.0,521.3634033203125,47.46,24743.907121582033,0.0,0.0,18.6,521.3634033203125,24743.907121582033
2024-09-09 14:00:00,14,9,119,131.73,0.0,417.1461181640625,45.95,19167.864129638674,0.0,0.0,18.6,417.1461181640625,19167.864129638674
2024-09-09 15:00:00,15,9,117,127.76,0.0,218.81570434570312,47.47,10387.181485290526,0.0,0.0,18.6,218.81570434570312,10387.181485290526
2024-09-09 16:00:00,16,9,114,121.16,0.0,248.27398681640625,58.19,14447.063292846678,0.0,0.0,18.6,248.27398681640625,14447.063292846678
2024-09-09 17:00:00,17,9,105,116.45,0.0,341.36834716796875,95.48,32593.849787597657,0.0,0.0,18.6,341.36834716796875,32593.849787597657
2024-09-09 18:00:00,18,9,89,95.49,0.0,386.3277587890625,137.72,53205.058940429684,0.0,18.6,0.0,367.7277587890625,50643.46694042969
2024-09-09 19:00:00,19,9,65,57.04,7.960000000000001,366.9236450195313,141.12,51780.26478515626,0.0,0.0,0.0,366.9236450195313,51780.26478515626
2024-09-09 20:00:00,20,9,23,16.16,6.84,361.2090759277344,134.1,48438.137081909175,0.0,0.0,0.0,361.2090759277344,48438.137081909175
2024-09-09 21:00:00,21,9,6,1.1,4.9,176.18948364257812,128.2,22587.491802978515,0.0,0.0,0.0,176.18948364257812,22587.491802978515
2024-09-09 22:00:00,22,9,0,-0.05,0.05,119.78425598144533,116.85,13996.790311431885,0.0,0.0,0.0,119.78425598144533,13996.790311431885
2024-09-09 23:00:00,23,9,0,0.0,0.0,115.14958190917967,114.16,13145.476270751951,0.0,0.0,0.0,115.14958190917967,13145.476270751951
2024-09-10 00:00:00,0,10,0,0.0,0.0,115.23706817626952,116.15,13384.785468673705,0.0,0.0,0.0,115.23706817626952,13384.785468673705
2024-09-10 01:00:00,1,10,0,0.0,0.0,115.68637084960938,117.62,13607.030939331054,0.0,0.0,0.0,115.68637084960938,13607.030939331054
2024-09-10 02:00:00,2,10,0,0.0,0.0,114.2372817993164,115.72,13219.538249816895,0.0,0.0,0.0,114.2372817993164,13219.538249816895
2024-09-10 03:00:00,3,10,0,0.0,0.0,117.59564208984376,121.5,14287.870513916017,0.0,0.0,0.0,117.59564208984376,14287.870513916017
2024-09-10 04:00:00,4,10,0,0.0,0.0,116.064697265625,127.58,14807.534077148437,0.0,0.0,0.0,116.064697265625,14807.534077148437
2024-09-10 05:00:00,5,10,0,0.0,0.0,114.82859802246094,137.75,15817.639377593994,0.0,0.0,0.0,114.82859802246094,15817.639377593994
2024-09-10 06:00:00,6,10,0,0.0,0.0,119.29401397705078,133.11,15879.226200485231,0.0,0.0,0.0,119.29401397705078,15879.226200485231
2024-09-10 07:00:00,7,10,0,0.0,0.0,123.92125701904295,96.96,12015.405080566405,0.0,0.0,0.0,123.92125701904295,12015.405080566405
2024-09-10 08:00:00,8,10,0,0.17,0.0,670.2109985351562,64.49,43221.907295532226,0.0,0.0,0.0,670.2109985351562,43221.907295532226
2024-09-10 09:00:00,9,10,12,6.21,5.79,647.0892944335938,53.64,34709.86975341797,5.79,0.0,5.79,647.0892944335938,34709.86975341797
2024-09-10 10:00:00,10,10,45,38.73,6.270000000000003,590.616943359375,48.51,28650.82792236328,6.270000000000003,0.0,12.060000000000002,590.616943359375,28650.82792236328
2024-09-10 11:00:00,11,10,90,83.76,6.239999999999995,500.5753173828125,46.35,23201.66596069336,6.239999999999995,0.0,18.299999999999997,500.5753173828125,23201.66596069336
2024-09-10 12:00:00,12,10,115,117.47,0.0,451.5714721679688,46.82,21142.5763269043,0.0,0.0,18.299999999999997,451.5714721679688,21142.5763269043
2024-09-10 13:00:00,13,10,122,131.71,0.0,231.4013519287109,48.91,11317.84012283325,0.0,0.0,18.299999999999997,231.4013519287109,11317.84012283325
2024-09-10 14:00:00,14,10,118,113.02,4.980000000000004,199.92857360839844,50.46,10088.395824279785,4.980000000000004,0.0,23.28,199.92857360839844,10088.395824279785
2024-09-10 15:00:00,15,10,115,119.19,0.0,152.03726196289062,52.74,8018.445195922852,0.0,0.0,23.28,152.03726196289062,8018.445195922852
2024-09-10 16:00:00,16,10,111,122.9,0.0,236.15460205078125,63.34,14958.032493896486,0.0,0.0,23.28,236.15460205078125,14958.032493896486
2024-09-10 17:00:00,17,10,102,115.16,0.0,396.3618469238281,97.38,38597.71665344238,0.0,0.0,23.28,396.3618469238281,38597.71665344238
2024-09-10 18:00:00,18,10,86,94.05,0.0,485.9939575195313,140.55,68306.45072937013,0.0,23.28,0.0,462.7139575195313,65034.446729370124
2024-09-10 19:00:00,19,10,63,55.52,7.479999999999997,488.4976806640625,148.87,72722.64972045898,0.0,0.0,0.0,488.4976806640625,72722.64972045898
2024-09-10 20:00:00,20,10,22,15.27,6.73,289.0710144042969,137.9,39862.89288635254,0.0,0.0,0.0,289.0710144042969,39862.89288635254
2024-09-10 21:00:00,21,10,6,0.97,5.03,89.00241088867188,130.44,11609.474476318359,0.0,0.0,0.0,89.00241088867188,11609.474476318359
2024-09-10 22:00:00,22,10,0,-0.07,0.07,111.2553253173828,113.34,12609.678571472166,0.0,0.0,0.0,111.2553253173828,12609.678571472166
2024-09-10 23:00:00,23,10,0,0.0,0.0,117.63981628417967,109.41,12870.972299652098,0.0,0.0,0.0,117.63981628417967,12870.972299652098
2024-09-11 00:00:00,0,11,0,0.07,0.0,121.33893585205078,107.92,13094.89795715332,0.0,0.0,0.0,121.33893585205078,13094.89795715332
2024-09-11 01:00:00,1,11,0,-0.07,0.07,120.7676773071289,107.2,12946.29500732422,0.07,0.0,0.07,120.7676773071289,12946.29500732422
2024-09-11 02:00:00,2,11,0,0.0,0.0,114.2770538330078,104.8,11976.235241699216,0.0,0.0,0.07,114.2770538330078,11976.235241699216
2024-09-11 03:00:00,3,11,0,0.0,0.0,115.37044525146484,108.07,12468.084018325804,0.0,0.0,0.07,115.37044525146484,12468.084018325804
2024-09-11 04:00:00,4,11,0,0.0,0.0,106.57669067382812,115.46,12305.344705200194,0.0,0.0,0.07,106.57669067382812,12305.344705200194
2024-09-11 05:00:00,5,11,0,0.0,0.0,109.87834167480467,124.16,13642.494902343748,0.0,0.0,0.07,109.87834167480467,13642.494902343748
2024-09-11 06:00:00,6,11,0,0.0,0.0,118.72966003417967,127.6,15149.904620361325,0.0,0.0,0.07,118.72966003417967,15149.904620361325
2024-09-11 07:00:00,7,11,0,0.0,0.0,128.74319458007812,89.66,11543.114826049805,0.0,0.0,0.07,128.74319458007812,11543.114826049805
2024-09-11 08:00:00,8,11,2,0.0,2.0,540.6737670898438,63.1,34116.51470336914,2.0,0.0,2.07,540.6737670898438,34116.51470336914
2024-09-11 09:00:00,9,11,14,0.0,14.0,494.1964111328125,53.55,26464.21781616211,14.0,0.0,16.07,494.1964111328125,26464.21781616211
2024-09-11 10:00:00,10,11,45,0.0,45.0,463.549560546875,50.37,23348.991364746093,45.0,0.0,61.07,463.549560546875,23348.991364746093
2024-09-11 11:00:00,11,11,86,0.0,86.0,301.1111755371094,49.26,14832.736506958006,38.93,0.0,100.0,301.1111755371094,14832.736506958006
2024-09-11 12:00:00,12,11,110,0.0,110.0,296.79107666015625,49.27,14622.8963470459,0.0,0.0,100.0,296.79107666015625,14622.8963470459
2024-09-11 13:00:00,13,11,117,0.0,117.0,377.2888793945313,50.01,18868.21685852051,0.0,0.0,100.0,377.2888793945313,18868.21685852051
2024-09-11 14:00:00,14,11,115,0.0,115.0,300.2247009277344,48.82,14656.969899291993,0.0,0.0,100.0,300.2247009277344,14656.969899291993
2024-09-11 15:00:00,15,11,115,0.0,115.0,324.97607421875,53.13,17265.97882324219,0.0,0.0,100.0,324.97607421875,17265.97882324219
2024-09-11 16:00:00,16,11,110,0.0,110.0,315.2943725585937,63.41,19992.816163940424,0.0,0.0,100.0,315.2943725585937,19992.816163940424
2024-09-11 17:00:00,17,11,97,0.0,97.0,331.58135986328125,99.95,33141.556918334965,0.0,0.0,100.0,331.58135986328125,33141.556918334965
2024-09-11 18:00:00,18,11,81,0.0,81.0,372.5239868164063,136.97,51024.61047424317,0.0,100.0,0.0,272.5239868164063,37327.61047424317
2024-09-11 19:00:00,19,11,53,0.0,53.0,424.8853759765625,143.47,60958.304891357424,0.0,0.0,0.0,424.8853759765625,60958.304891357424
2024-09-11 20:00:00,20,11,18,0.0,18.0,427.5654296875,140.82,60209.76380859375,0.0,0.0,0.0,427.5654296875,60209.76380859375
2024-09-11 21:00:00,21,11,4,0.0,4.0,88.76010131835938,135.27,12006.578905334474,0.0,0.0,0.0,88.76010131835938,12006.578905334474
2024-09-11 22:00:00,22,11,0,0.0,0.0,103.42652893066406,124.77,12904.528014678956,0.0,0.0,0.0,103.42652893066406,12904.528014678956
2024-09-11 23:00:00,23,11,0,0.0,0.0,100.892578125,120.4,12147.466406250001,0.0,0.0,0.0,100.892578125,12147.466406250001
2024-09-12 00:00:00,0,12,0,0.0,0.0,100.81192779541016,120.71,12169.007804183959,0.0,0.0,0.0,100.81192779541016,12169.007804183959
2024-09-12 01:00:00,1,12,0,0.0,0.0,100.8756866455078,116.1,11711.667219543455,0.0,0.0,0.0,100.8756866455078,11711.667219543455
2024-09-12 02:00:00,2,12,0,0.0,0.0,101.10450744628906,113.12,11436.94188232422,0.0,0.0,0.0,101.10450744628906,11436.94188232422
2024-09-12 03:00:00,3,12,0,0.0,0.0,102.21453094482422,120.68,12335.249594421388,0.0,0.0,0.0,102.21453094482422,12335.249594421388
2024-09-12 04:00:00,4,12,0,0.0,0.0,104.18125915527344,133.94,13954.037851257324,0.0,0.0,0.0,104.18125915527344,13954.037851257324
2024-09-12 05:00:00,5,12,0,0.0,0.0,103.3150863647461,144.26,14904.23435897827,0.0,0.0,0.0,103.3150863647461,14904.23435897827
2024-09-12 06:00:00,6,12,0,0.0,0.0,106.68739318847656,144.69,15436.598920440674,0.0,0.0,0.0,106.68739318847656,15436.598920440674
2024-09-12 07:00:00,7,12,0,0.0,0.0,119.8160400390625,120.32,14416.265937499998,0.0,0.0,0.0,119.8160400390625,14416.265937499998
2024-09-12 08:00:00,8,12,0,0.0,0.0,500.4850158691406,84.45,42265.95959014893,0.0,0.0,0.0,500.4850158691406,42265.95959014893
2024-09-12 09:00:00,9,12,11,6.97,4.03,473.1716613769531,58.68,27765.71308959961,4.03,0.0,4.03,473.1716613769531,27765.71308959961
2024-09-12 10:00:00,10,12,37,37.57,0.0,468.0958557128906,49.15,23006.911308288574,0.0,0.0,4.03,468.0958557128906,23006.911308288574
2024-09-12 11:00:00,11,12,77,78.96,0.0,377.15869140625,45.33,17096.603481445312,0.0,0.0,4.03,377.15869140625,17096.603481445312
2024-09-12 12:00:00,12,12,103,108.43,0.0,391.2279357910156,45.37,17750.011446838376,0.0,0.0,4.03,391.2279357910156,17750.011446838376
2024-09-12 13:00:00,13,12,112,129.1,0.0,356.7853088378906,46.47,16579.813301696777,0.0,0.0,4.03,356.7853088378906,16579.813301696777
2024-09-12 14:00:00,14,12,110,139.2,0.0,271.680419921875,48.28,13116.730673828126,0.0,0.0,4.03,271.680419921875,13116.730673828126
2024-09-12 15:00:00,15,12,109,138.81,0.0,448.3574523925781,48.49,21740.852866516114,0.0,0.0,4.03,448.3574523925781,21740.852866516114
2024-09-12 16:00:00,16,12,107,129.16,0.0,298.7010803222656,61.5,18370.116439819336,0.0,0.0,4.03,298.7010803222656,18370.116439819336
2024-09-12 17:00:00,17,12,98,113.06,0.0,444.091552734375,96.22,42730.48920410156,0.0,0.0,4.03,444.091552734375,42730.48920410156
2024-09-12 18:00:00,18,12,82,96.6,0.0,449.03411865234375,120.8,54243.321533203125,0.0,4.03,0.0,445.0041186523438,53756.497533203124
2024-09-12 19:00:00,19,12,58,55.35,2.6499999999999986,484.3775634765625,129.04,62504.08079101562,0.0,0.0,0.0,484.3775634765625,62504.08079101562
2024-09-12 20:00:00,20,12,21,14.13,6.869999999999999,474.37347412109375,128.98,61184.69069213867,0.0,0.0,0.0,474.37347412109375,61184.69069213867
2024-09-12 21:00:00,21,12,6,0.69,5.3100000000000005,106.59304809570312,115.73,12336.013456115723,0.0,0.0,0.0,106.59304809570312,12336.013456115723
2024-09-12 22:00:00,22,12,0,0.0,0.0,104.85816955566406,93.54,9808.433180236818,0.0,0.0,0.0,104.85816955566406,9808.433180236818
2024-09-12 23:00:00,23,12,0,0.0,0.0,101.4822006225586,89.16,9048.153007507324,0.0,0.0,0.0,101.4822006225586,9048.153007507324
2024-09-13 00:00:00,0,13,0,0.0,0.0,102.06851196289062,95.39,9736.315356140136,0.0,0.0,0.0,102.06851196289062,9736.315356140136
2024-09-13 01:00:00,1,13,0,0.0,0.0,99.30403137207033,96.9,9622.560639953615,0.0,0.0,0.0,99.30403137207033,9622.560639953615
2024-09-13 02:00:00,2,13,0,0.0,0.0,100.1313934326172,95.79,9591.586176910403,0.0,0.0,0.0,100.1313934326172,9591.586176910403
2024-09-13 03:00:00,3,13,0,0.0,0.0,100.16041564941406,96.53,9668.48492263794,0.0,0.0,0.0,100.16041564941406,9668.48492263794
2024-09-13 04:00:00,4,13,0,0.0,0.0,100.0029754638672,96.49,9649.287102508546,0.0,0.0,0.0,100.0029754638672,9649.287102508546
2024-09-13 05:00:00,5,13,0,0.0,0.0,99.70640563964844,105.16,10485.125617065429,0.0,0.0,0.0,99.70640563964844,10485.125617065429
2024-09-13 06:00:00,6,13,0,0.0,0.0,98.27112579345705,105.93,10409.860355300905,0.0,0.0,0.0,98.27112579345705,10409.860355300905
2024-09-13 07:00:00,7,13,0,0.0,0.0,110.50020599365234,79.28,8760.456331176758,0.0,0.0,0.0,110.50020599365234,8760.456331176758
2024-09-13 08:00:00,8,13,0,0.11,0.0,516.9450073242188,55.37,28623.24505554199,0.0,0.0,0.0,516.9450073242188,28623.24505554199
2024-09-13 09:00:00,9,13,14,5.63,8.370000000000001,375.7688598632813,47.56,17871.56697509766,8.370000000000001,0.0,8.370000000000001,375.7688598632813,17871.56697509766
2024-09-13 10:00:00,10,13,50,39.75,10.25,366.90325927734375,46.85,17189.417697143555,10.25,0.0,18.62,366.90325927734375,17189.417697143555
2024-09-13 11:00:00,11,13,93,87.75,5.25,266.89794921875,46.75,12477.479125976562,5.25,0.0,23.87,266.89794921875,12477.479125976562
2024-09-13 12:00:00,12,13,116,126.09,0.0,258.9839782714844,46.95,12159.297779846192,0.0,0.0,23.87,258.9839782714844,12159.297779846192
2024-09-13 13:00:00,13,13,122,144.39,0.0,242.98117065429688,47.16,11458.992008056639,0.0,0.0,23.87,242.98117065429688,11458.992008056639
2024-09-13 14:00:00,14,13,119,141.51,0.0,262.92266845703125,47.47,12480.939071655273,0.0,0.0,23.87,262.92266845703125,12480.939071655273
2024-09-13 15:00:00,15,13,118,148.11,0.0,390.4342651367188,46.75,18252.801895141605,0.0,0.0,23.87,390.4342651367188,18252.801895141605
2024-09-13 16:00:00,16,13,116,141.09,0.0,308.2315979003906,47.75,14718.058799743652,0.0,0.0,23.87,308.2315979003906,14718.058799743652
2024-09-13 17:00:00,17,13,106,127.84,0.0,369.8477783203125,62.68,23182.05874511719,0.0,0.0,23.87,369.8477783203125,23182.05874511719
2024-09-13 18:00:00,18,13,89,96.41,0.0,395.72564697265625,86.43,34202.567667846684,0.0,23.87,0.0,371.85564697265625,32139.48356784668
2024-09-13 19:00:00,19,13,68,50.95,17.049999999999997,454.52734375,84.84,38562.09984375,0.0,0.0,0.0,454.52734375,38562.09984375
2024-09-13 20:00:00,20,13,28,14.98,13.02,316.37969970703125,73.26,23177.97680053711,0.0,0.0,0.0,316.37969970703125,23177.97680053711
2024-09-13 21:00:00,21,13,9,0.63,8.37,114.4257354736328,59.91,6855.24581222534,0.0,0.0,0.0,114.4257354736328,6855.24581222534
2024-09-13 22:00:00,22,13,0,0.0,0.0,124.24267578125,54.68,6793.58951171875,0.0,0.0,0.0,124.24267578125,6793.58951171875
2024-09-13 23:00:00,23,13,0,0.0,0.0,132.09689331054688,52.36,6916.593333740234,0.0,0.0,0.0,132.09689331054688,6916.593333740234
2024-09-14 00:00:00,0,14,0,0.0,0.0,124.20367431640624,52.1,6471.011431884765,0.0,0.0,0.0,124.20367431640624,6471.011431884765
2024-09-14 01:00:00,1,14,0,0.0,0.0,117.62808227539062,56.89,6691.861600646973,0.0,0.0,0.0,117.62808227539062,6691.861600646973
2024-09-14 02:00:00,2,14,0,0.0,0.0,110.90330505371094,58.47,6484.516246490479,0.0,0.0,0.0,110.90330505371094,6484.516246490479
2024-09-14 03:00:00,3,14,0,0.0,0.0,112.86410522460938,63.34,7148.8124249267585,0.0,0.0,0.0,112.86410522460938,7148.8124249267585
2024-09-14 04:00:00,4,14,0,0.0,0.0,107.3114013671875,67.28,7219.911083984375,0.0,0.0,0.0,107.3114013671875,7219.911083984375
2024-09-14 05:00:00,5,14,0,0.0,0.0,104.97615051269533,69.17,7261.200330963136,0.0,0.0,0.0,104.97615051269533,7261.200330963136
2024-09-14 06:00:00,6,14,0,0.0,0.0,104.85877990722656,70.09,7349.55188369751,0.0,0.0,0.0,104.85877990722656,7349.55188369751
2024-09-14 07:00:00,7,14,0,0.0,0.0,104.74919128417967,56.42,5909.949372253417,0.0,0.0,0.0,104.74919128417967,5909.949372253417
2024-09-14 08:00:00,8,14,3,0.16,2.84,101.89856719970705,41.65,4244.075323867798,2.84,0.0,2.84,101.89856719970705,4244.075323867798
2024-09-14 09:00:00,9,14,9,5.87,3.13,71.18952941894531,35.21,2506.5833308410647,3.13,0.0,5.97,71.18952941894531,2506.5833308410647
2024-09-14 10:00:00,10,14,18,19.25,0.0,46.49437713623047,34.19,1589.6427542877195,0.0,0.0,5.97,46.49437713623047,1589.6427542877195
2024-09-14 11:00:00,11,14,29,12.15,16.85,52.83185577392578,37.36,1973.7981317138672,16.85,0.0,22.82,52.83185577392578,1973.7981317138672
2024-09-14 12:00:00,12,14,41,92.16,0.0,14.154302597045898,38.51,545.0821930122376,0.0,0.0,22.82,14.154302597045898,545.0821930122376
2024-09-14 13:00:00,13,14,52,122.86,0.0,5.163780212402344,37.95,195.96545906066896,0.0,0.0,22.82,5.163780212402344,195.96545906066896
2024-09-14 14:00:00,14,14,56,124.59,0.0,4.836219787597656,37.68,182.22876159667967,0.0,0.0,22.82,4.836219787597656,182.22876159667967
2024-09-14 15:00:00,15,14,58,121.42,0.0,5.0,39.2,196.0,0.0,0.0,22.82,5.0,196.0
2024-09-14 16:00:00,16,14,56,116.28,0.0,5.636226654052734,48.15,271.38431339263917,0.0,0.0,22.82,5.636226654052734,271.38431339263917
2024-09-14 17:00:00,17,14,50,108.61,0.0,5.363773345947266,84.88,455.27708160400385,0.0,0.0,22.82,5.363773345947266,455.27708160400385
2024-09-14 18:00:00,18,14,41,86.2,0.0,6.688124656677246,108.52,725.7952877426147,0.0,6.688124656677246,16.131875343322754,0.0,0.0
2024-09-14 19:00:00,19,14,30,41.76,0.0,27.12138557434082,104.43,2832.286295528412,0.0,16.131875343322754,0.0,10.989510231018066,1147.6345534252166
2024-09-14 20:00:00,20,14,15,12.09,2.91,56.94522857666016,93.7,5335.767917633058,0.0,0.0,0.0,56.94522857666016,5335.767917633058
2024-09-14 21:00:00,21,14,7,0.41,6.59,85.67350006103516,87.65,7509.282280349732,0.0,0.0,0.0,85.67350006103516,7509.282280349732
2024-09-14 22:00:00,22,14,0,0.0,0.0,100.95977020263672,82.83,8362.4977658844,0.0,0.0,0.0,100.95977020263672,8362.4977658844
2024-09-14 23:00:00,23,14,0,0.0,0.0,103.44253540039062,81.07,8386.086344909667,0.0,0.0,0.0,103.44253540039062,8386.086344909667
2024-09-15 00:00:00,0,15,0,0.0,0.0,100.44373321533205,84.17,8454.349024734498,0.0,0.0,0.0,100.44373321533205,8454.349024734498
2024-09-15 01:00:00,1,15,0,0.0,0.0,97.64053344726562,87.14,8508.396084594726,0.0,0.0,0.0,97.64053344726562,8508.396084594726
2024-09-15 02:00:00,2,15,0,0.0,0.0,97.8975067138672,87.2,8536.66258544922,0.0,0.0,0.0,97.8975067138672,8536.66258544922
2024-09-15 03:00:00,3,15,0,0.0,0.0,95.50138854980467,88.08,8411.762303466796,0.0,0.0,0.0,95.50138854980467,8411.762303466796
2024-09-15 04:00:00,4,15,0,0.0,0.0,94.33045959472656,87.95,8296.363921356202,0.0,0.0,0.0,94.33045959472656,8296.363921356202
2024-09-15 05:00:00,5,15,0,0.0,0.0,92.73838806152344,85.49,7928.204795379638,0.0,0.0,0.0,92.73838806152344,7928.204795379638
2024-09-15 06:00:00,6,15,0,0.0,0.0,94.07664489746094,81.74,7689.824953918456,0.0,0.0,0.0,94.07664489746094,7689.824953918456
2024-09-15 07:00:00,7,15,0,0.0,0.0,97.36053466796876,60.38,5878.629083251954,0.0,0.0,0.0,97.36053466796876,5878.629083251954
2024-09-15 08:00:00,8,15,3,0.1,2.9,93.75188446044922,46.23,4334.149618606567,2.9,0.0,2.9,93.75188446044922,4334.149618606567
2024-09-15 09:00:00,9,15,8,5.52,2.4800000000000004,64.95468139648438,41.19,2675.483326721191,2.4800000000000004,0.0,5.380000000000001,64.95468139648438,2675.483326721191
2024-09-15 10:00:00,10,15,17,32.33,0.0,50.19127655029297,43.52,2184.32435546875,0.0,0.0,5.380000000000001,50.19127655029297,2184.32435546875
2024-09-15 11:00:00,11,15,29,14.39,14.61,59.03826904296875,44.01,2598.2742205810546,14.61,0.0,19.990000000000002,59.03826904296875,2598.2742205810546
2024-09-15 12:00:00,12,15,41,11.89,29.11,59.77054214477539,41.91,2504.983421287536,29.11,0.0,49.1,59.77054214477539,2504.983421287536
2024-09-15 13:00:00,13,15,52,12.17,39.83,54.35429382324219,42.58,2314.405830993652,39.83,0.0,88.93,54.35429382324219,2314.405830993652
2024-09-15 14:00:00,14,15,55,90.44,0.0,18.119340896606445,43.02,779.4940453720093,0.0,0.0,88.93,18.119340896606445,779.4940453720093
2024-09-15 15:00:00,15,15,57,117.0,0.0,5.5649614334106445,42.33,235.56481747627257,0.0,0.0,88.93,5.5649614334106445,235.56481747627257
2024-09-15 16:00:00,16,15,55,115.5,0.0,5.435038566589356,42.78,232.51094987869268,0.0,0.0,88.93,5.435038566589356,232.51094987869268
2024-09-15 17:00:00,17,15,49,107.17,0.0,7.187439918518066,57.46,412.9902977180481,0.0,0.0,88.93,7.187439918518066,412.9902977180481
2024-09-15 18:00:00,18,15,40,85.35,0.0,7.812560081481934,75.65,591.0201701641083,0.0,7.812560081481934,81.11743991851807,0.0,0.0
2024-09-15 19:00:00,19,15,30,45.64,0.0,30.25809669494629,73.34,2219.128811607361,0.0,30.25809669494629,50.859343223571784,0.0,0.0
2024-09-15 20:00:00,20,15,15,12.5,2.5,62.04209899902344,68.52,4251.124623413086,0.0,50.859343223571784,0.0,11.182755775451653,766.2424257339472
2024-09-15 21:00:00,21,15,6,0.5,5.5,93.36869049072266,62.09,5797.26199256897,0.0,0.0,0.0,93.36869049072266,5797.26199256897
2024-09-15 22:00:00,22,15,0,0.0,0.0,109.2121124267578,60.99,6660.846736907958,0.0,0.0,0.0,109.2121124267578,6660.846736907958
2024-09-15 23:00:00,23,15,0,0.0,0.0,108.335693359375,65.63,7110.07155517578,0.0,0.0,0.0,108.335693359375,7110.07155517578
2024-09-16 00:00:00,0,16,0,0.0,0.0,103.65918731689452,65.37,6776.201074905395,0.0,0.0,0.0,103.65918731689452,6776.201074905395
2024-09-16 01:00:00,1,16,0,0.0,0.0,96.69256591796876,61.11,5908.882703247071,0.0,0.0,0.0,96.69256591796876,5908.882703247071
2024-09-16 02:00:00,2,16,0,0.0,0.0,93.42940521240234,62.61,5849.61506034851,0.0,0.0,0.0,93.42940521240234,5849.61506034851
2024-09-16 03:00:00,3,16,0,0.0,0.0,92.62625122070312,61.84,5728.0073754882815,0.0,0.0,0.0,92.62625122070312,5728.0073754882815
2024-09-16 04:00:00,4,16,0,0.0,0.0,93.45841979980467,63.8,5962.647183227538,0.0,0.0,0.0,93.45841979980467,5962.647183227538
2024-09-16 05:00:00,5,16,0,0.0,0.0,91.02531433105467,72.19,6571.117441558837,0.0,0.0,0.0,91.02531433105467,6571.117441558837
2024-09-16 06:00:00,6,16,0,0.0,0.0,92.07273864746094,79.21,7293.0816282653805,0.0,0.0,0.0,92.07273864746094,7293.0816282653805
2024-09-16 07:00:00,7,16,0,0.0,0.0,151.6265106201172,58.19,8823.146652984618,0.0,0.0,0.0,151.6265106201172,8823.146652984618
2024-09-16 08:00:00,8,16,4,0.08,3.92,595.89306640625,43.31,25808.12870605469,3.92,0.0,3.92,595.89306640625,25808.12870605469
2024-09-16 09:00:00,9,16,20,5.53,14.469999999999999,520.3779296875,42.56,22147.2846875,14.469999999999999,0.0,18.39,520.3779296875,22147.2846875
2024-09-16 10:00:00,10,16,56,40.96,15.04,432.5376586914063,43.11,18646.698466186524,15.04,0.0,33.43,432.5376586914063,18646.698466186524
2024-09-16 11:00:00,11,16,94,89.19,4.810000000000002,306.3319702148437,41.88,12829.182912597655,4.810000000000002,0.0,38.24,306.3319702148437,12829.182912597655
2024-09-16 12:00:00,12,16,113,122.75,0.0,314.0325622558594,41.21,12941.281890563965,0.0,0.0,38.24,314.0325622558594,12941.281890563965
2024-09-16 13:00:00,13,16,118,141.01,0.0,418.0931396484375,41.9,17518.10255126953,0.0,0.0,38.24,418.0931396484375,17518.10255126953
2024-09-16 14:00:00,14,16,116,140.46,0.0,448.9820251464844,42.34,19009.89894470215,0.0,0.0,38.24,448.9820251464844,19009.89894470215
2024-09-16 15:00:00,15,16,117,134.61,0.0,327.70574951171875,42.33,13871.784376831054,0.0,0.0,38.24,327.70574951171875,13871.784376831054
2024-09-16 16:00:00,16,16,113,122.47,0.0,433.13616943359375,51.86,22462.44174682617,0.0,0.0,38.24,433.13616943359375,22462.44174682617
2024-09-16 17:00:00,17,16,99,120.15,0.0,474.673583984375,78.73,37371.051267089846,0.0,0.0,38.24,474.673583984375,37371.051267089846
2024-09-16 18:00:00,18,16,80,94.48,0.0,386.310302734375,98.21,37939.534831542966,0.0,38.24,0.0,348.070302734375,34183.984431542965
2024-09-16 19:00:00,19,16,59,51.39,7.609999999999999,474.4189453125,96.41,45738.73051757812,0.0,0.0,0.0,474.4189453125,45738.73051757812
2024-09-16 20:00:00,20,16,21,13.63,7.369999999999999,488.34808349609375,85.84,41919.79948730469,0.0,0.0,0.0,488.34808349609375,41919.79948730469
2024-09-16 21:00:00,21,16,5,0.55,4.45,169.4411163330078,72.78,12331.924446716308,0.0,0.0,0.0,169.4411163330078,12331.924446716308
2024-09-16 22:00:00,22,16,0,0.0,0.0,123.64591979980467,60.39,7466.977096710204,0.0,0.0,0.0,123.64591979980467,7466.977096710204
2024-09-16 23:00:00,23,16,0,0.0,0.0,110.1625518798828,58.79,6476.456425018309,0.0,0.0,0.0,110.1625518798828,6476.456425018309
2024-09-17 00:00:00,0,17,0,0.0,0.0,105.42454528808594,56.78,5986.00568145752,0.0,0.0,0.0,105.42454528808594,5986.00568145752
2024-09-17 01:00:00,1,17,0,0.0,0.0,103.86495208740234,58.73,6099.98863609314,0.0,0.0,0.0,103.86495208740234,6099.98863609314
2024-09-17 02:00:00,2,17,0,0.0,0.0,103.9901123046875,56.58,5883.760554199219,0.0,0.0,0.0,103.9901123046875,5883.760554199219
2024-09-17 03:00:00,3,17,0,0.0,0.0,102.00460815429688,54.17,5525.5896237182615,0.0,0.0,0.0,102.00460815429688,5525.5896237182615
2024-09-17 04:00:00,4,17,0,0.0,0.0,103.7129898071289,56.95,5906.454769515992,0.0,0.0,0.0,103.7129898071289,5906.454769515992
2024-09-17 05:00:00,5,17,0,0.0,0.0,102.58851623535156,74.11,7602.834938201904,0.0,0.0,0.0,102.58851623535156,7602.834938201904
2024-09-17 06:00:00,6,17,0,0.0,0.0,104.02577209472656,82.95,8628.937795257569,0.0,0.0,0.0,104.02577209472656,8628.937795257569
2024-09-17 07:00:00,7,17,0,0.0,0.0,154.06617736816406,60.35,9297.893804168702,0.0,0.0,0.0,154.06617736816406,9297.893804168702
2024-09-17 08:00:00,8,17,5,0.14,4.86,499.3014526367188,40.63,20286.618020629885,4.86,0.0,4.86,499.3014526367188,20286.618020629885
2024-09-17 09:00:00,9,17,18,5.36,12.64,441.501708984375,39.15,17284.79190673828,12.64,0.0,17.5,441.501708984375,17284.79190673828
2024-09-17 10:00:00,10,17,46,39.07,6.93,420.52630615234375,37.5,15769.73648071289,6.93,0.0,24.43,420.52630615234375,15769.73648071289
2024-09-17 11:00:00,11,17,82,86.36,0.0,402.7267761230469,38.6,15545.25355834961,0.0,0.0,24.43,402.7267761230469,15545.25355834961
2024-09-17 12:00:00,12,17,107,123.33,0.0,424.8709716796875,38.88,16518.98337890625,0.0,0.0,24.43,424.8709716796875,16518.98337890625
2024-09-17 13:00:00,13,17,117,140.95,0.0,509.1129760742188,39.24,19977.593181152348,0.0,0.0,24.43,509.1129760742188,19977.593181152348
2024-09-17 14:00:00,14,17,116,140.25,0.0,418.8521728515625,40.72,17055.660478515623,0.0,0.0,24.43,418.8521728515625,17055.660478515623
2024-09-17 15:00:00,15,17,114,138.42,0.0,372.85009765625,42.0,15659.7041015625,0.0,0.0,24.43,372.85009765625,15659.7041015625
2024-09-17 16:00:00,16,17,110,128.64,0.0,400.5656433105469,48.71,19511.55248565674,0.0,0.0,24.43,400.5656433105469,19511.55248565674
2024-09-17 17:00:00,17,17,100,106.83,0.0,227.41964721679688,70.45,16021.714146423341,0.0,0.0,24.43,227.41964721679688,16021.714146423341
2024-09-17 18:00:00,18,17,84,90.89,0.0,455.6370544433594,90.58,41271.604391479494,0.0,24.43,0.0,431.20705444335937,39058.73499147949
2024-09-17 19:00:00,19,17,60,48.38,11.619999999999997,537.7788696289062,91.72,49325.07792236328,0.0,0.0,0.0,537.7788696289062,49325.07792236328
2024-09-17 20:00:00,20,17,22,11.22,10.78,517.790771484375,83.66,43318.37594238281,0.0,0.0,0.0,517.790771484375,43318.37594238281
2024-09-17 21:00:00,21,17,6,0.38,5.62,228.02325439453125,74.68,17028.776638183594,0.0,0.0,0.0,228.02325439453125,17028.776638183594
2024-09-17 22:00:00,22,17,0,0.0,0.0,119.50425720214844,65.37,7811.993293304444,0.0,0.0,0.0,119.50425720214844,7811.993293304444
2024-09-17 23:00:00,23,17,0,0.0,0.0,103.90868377685548,63.51,6599.240506668091,0.0,0.0,0.0,103.90868377685548,6599.240506668091
2024-09-18 00:00:00,0,18,0,0.0,0.0,106.38174438476562,66.55,7079.705088806152,0.0,0.0,0.0,106.38174438476562,7079.705088806152
2024-09-18 01:00:00,1,18,0,0.0,0.0,106.3014678955078,68.29,7259.327242584228,0.0,0.0,0.0,106.3014678955078,7259.327242584228
2024-09-18 02:00:00,2,18,0,0.0,0.0,106.56475830078124,72.34,7708.894615478515,0.0,0.0,0.0,106.56475830078124,7708.894615478515
2024-09-18 03:00:00,3,18,0,0.0,0.0,104.8751220703125,89.59,9395.762186279297,0.0,0.0,0.0,104.8751220703125,9395.762186279297
2024-09-18 04:00:00,4,18,0,0.0,0.0,105.52249908447266,107.53,11346.834326553344,0.0,0.0,0.0,105.52249908447266,11346.834326553344
2024-09-18 05:00:00,5,18,0,0.0,0.0,106.08676147460938,119.63,12691.15927520752,0.0,0.0,0.0,106.08676147460938,12691.15927520752
2024-09-18 06:00:00,6,18,0,0.0,0.0,107.5528564453125,121.68,13087.031572265625,0.0,0.0,0.0,107.5528564453125,13087.031572265625
2024-09-18 07:00:00,7,18,0,0.0,0.0,141.434814453125,111.15,15720.479626464845,0.0,0.0,0.0,141.434814453125,15720.479626464845
2024-09-18 08:00:00,8,18,0,0.07,0.0,506.1375732421875,75.03,37975.50212036133,0.0,0.0,0.0,506.1375732421875,37975.50212036133
2024-09-18 09:00:00,9,18,9,5.45,3.55,504.8442077636719,54.47,27498.863996887205,3.55,0.0,3.55,504.8442077636719,27498.863996887205
2024-09-18 10:00:00,10,18,31,35.71,0.0,431.7891845703125,53.7,23187.079211425782,0.0,0.0,3.55,431.7891845703125,23187.079211425782
2024-09-18 11:00:00,11,18,67,79.96,0.0,356.2653503417969,53.04,18896.314182128906,0.0,0.0,3.55,356.2653503417969,18896.314182128906
2024-09-18 12:00:00,12,18,97,116.06,0.0,356.45623779296875,48.22,17188.319786376953,0.0,0.0,3.55,356.45623779296875,17188.319786376953
2024-09-18 13:00:00,13,18,110,132.71,0.0,341.6264038085937,46.81,15991.53196228027,0.0,0.0,3.55,341.6264038085937,15991.53196228027
2024-09-18 14:00:00,14,18,111,133.24,0.0,310.41607666015625,50.13,15561.157922973634,0.0,0.0,3.55,310.41607666015625,15561.157922973634
2024-09-18 15:00:00,15,18,111,108.77,2.230000000000004,303.86328125,58.74,17848.929140625,2.230000000000004,0.0,5.780000000000004,303.86328125,17848.929140625
2024-09-18 16:00:00,16,18,107,106.94,0.060000000000002274,290.08258056640625,83.94,24349.53181274414,0.060000000000002274,0.0,5.840000000000006,290.08258056640625,24349.53181274414
2024-09-18 17:00:00,17,18,98,102.32,0.0,285.01763916015625,125.14,35667.10736450196,0.0,0.0,5.840000000000006,285.01763916015625,35667.10736450196
2024-09-18 18:00:00,18,18,81,86.67,0.0,330.5637512207031,139.24,46027.69671997071,0.0,5.840000000000006,0.0,324.7237512207031,45214.5351199707
2024-09-18 19:00:00,19,18,58,44.82,13.18,222.4209899902344,135.26,30084.663106079104,0.0,0.0,0.0,222.4209899902344,30084.663106079104
2024-09-18 20:00:00,20,18,21,10.01,10.99,143.21058654785156,138.27,19801.727801971436,0.0,0.0,0.0,143.21058654785156,19801.727801971436
2024-09-18 21:00:00,21,18,7,0.24,6.76,109.5182876586914,129.67,14201.236360702513,0.0,0.0,0.0,109.5182876586914,14201.236360702513
2024-09-18 22:00:00,22,18,0,0.0,0.0,125.93476104736328,128.49,16181.35744697571,0.0,0.0,0.0,125.93476104736328,16181.35744697571
2024-09-18 23:00:00,23,18,0,0.0,0.0,113.25436401367188,125.91,14259.856972961425,0.0,0.0,0.0,113.25436401367188,14259.856972961425
2024-09-19 00:00:00,0,19,0,0.0,0.0,110.19515991210938,126.02,13886.794052124023,0.0,0.0,0.0,110.19515991210938,13886.794052124023
2024-09-19 01:00:00,1,19,0,0.0,0.0,114.85155487060548,129.33,14853.751591415408,0.0,0.0,0.0,114.85155487060548,14853.751591415408
2024-09-19 02:00:00,2,19,0,0.0,0.0,121.00096130371094,133.03,16096.757882232667,0.0,0.0,0.0,121.00096130371094,16096.757882232667
2024-09-19 03:00:00,3,19,0,0.0,0.0,108.54524230957033,137.18,14890.236340026859,0.0,0.0,0.0,108.54524230957033,14890.236340026859
2024-09-19 04:00:00,4,19,0,0.0,0.0,108.21745300292967,145.33,15727.242444915772,0.0,0.0,0.0,108.21745300292967,15727.242444915772
2024-09-19 05:00:00,5,19,0,0.0,0.0,112.77450561523438,157.25,17733.791007995605,0.0,0.0,0.0,112.77450561523438,17733.791007995605
2024-09-19 06:00:00,6,19,0,0.0,0.0,109.5063018798828,163.2,17871.42846679687,0.0,0.0,0.0,109.5063018798828,17871.42846679687
2024-09-19 07:00:00,7,19,0,0.0,0.0,148.35606384277344,138.97,20617.042192230223,0.0,0.0,0.0,148.35606384277344,20617.042192230223
2024-09-19 08:00:00,8,19,0,0.04,0.0,552.2125854492188,106.98,59075.70239135742,0.0,0.0,0.0,552.2125854492188,59075.70239135742
2024-09-19 09:00:00,9,19,7,4.32,2.6799999999999997,664.605224609375,89.99,59807.82416259765,2.6799999999999997,0.0,2.6799999999999997,664.605224609375,59807.82416259765
2024-09-19 10:00:00,10,19,24,27.86,0.0,579.3761596679688,83.47,48360.52804748535,0.0,0.0,2.6799999999999997,579.3761596679688,48360.52804748535
2024-09-19 11:00:00,11,19,53,59.02,0.0,381.6350708007813,89.37,34106.72627746583,0.0,0.0,2.6799999999999997,381.6350708007813,34106.72627746583
2024-09-19 12:00:00,12,19,82,52.67,29.33,396.6262512207031,84.83,33645.80489105225,29.33,0.0,32.01,396.6262512207031,33645.80489105225
2024-09-19 13:00:00,13,19,98,56.93,41.07,379.6865234375,85.65,32520.150732421876,41.07,0.0,73.08,379.6865234375,32520.150732421876
2024-09-19 14:00:00,14,19,102,33.14,68.86,310.5813903808594,97.8,30374.859979248045,26.92,0.0,100.0,310.5813903808594,30374.859979248045
2024-09-19 15:00:00,15,19,102,68.61,33.39,166.13156127929688,111.64,18546.927501220704,0.0,0.0,100.0,166.13156127929688,18546.927501220704
2024-09-19 16:00:00,16,19,95,78.79,16.209999999999994,339.2159729003906,125.86,42693.722349243166,0.0,0.0,100.0,339.2159729003906,42693.722349243166
2024-09-19 17:00:00,17,19,79,65.8,13.200000000000003,319.4003295898437,155.29,49599.677182006824,0.0,0.0,100.0,319.4003295898437,49599.677182006824
2024-09-19 18:00:00,18,19,50,18.04,31.96,350.28985595703125,169.98,59542.26971557617,0.0,100.0,0.0,250.28985595703125,42544.26971557617
2024-09-19 19:00:00,19,19,24,1.93,22.07,301.213623046875,170.77,51438.25040771485,0.0,0.0,0.0,301.213623046875,51438.25040771485
2024-09-19 20:00:00,20,19,8,0.05,7.95,182.90936279296875,164.41,30072.128336791993,0.0,0.0,0.0,182.90936279296875,30072.128336791993
2024-09-19 21:00:00,21,19,2,0.0,2.0,104.90550231933594,158.69,16647.45416305542,0.0,0.0,0.0,104.90550231933594,16647.45416305542
2024-09-19 22:00:00,22,19,0,0.0,0.0,99.90390014648438,153.04,15289.292878417968,0.0,0.0,0.0,99.90390014648438,15289.292878417968
2024-09-19 23:00:00,23,19,0,0.0,0.0,95.33775329589844,152.22,14512.31280670166,0.0,0.0,0.0,95.33775329589844,14512.31280670166
2024-09-20 00:00:00,0,20,0,0.0,0.0,98.62905883789062,152.11,15002.466139831544,0.0,0.0,0.0,98.62905883789062,15002.466139831544
2024-09-20 01:00:00,1,20,0,0.0,0.0,95.00454711914062,152.2,14459.692071533202,0.0,0.0,0.0,95.00454711914062,14459.692071533202
2024-09-20 02:00:00,2,20,0,0.0,0.0,90.94501495361328,153.78,13985.52439956665,0.0,0.0,0.0,90.94501495361328,13985.52439956665
2024-09-20 03:00:00,3,20,0,0.0,0.0,94.43247985839844,156.25,14755.074977874756,0.0,0.0,0.0,94.43247985839844,14755.074977874756
2024-09-20 04:00:00,4,20,0,0.0,0.0,92.53617095947266,159.53,14762.295353164673,0.0,0.0,0.0,92.53617095947266,14762.295353164673
2024-09-20 05:00:00,5,20,0,0.0,0.0,93.7751693725586,165.58,15527.292544708253,0.0,0.0,0.0,93.7751693725586,15527.292544708253
2024-09-20 06:00:00,6,20,0,0.0,0.0,95.54922485351562,172.46,16478.419318237306,0.0,0.0,0.0,95.54922485351562,16478.419318237306
2024-09-20 07:00:00,7,20,0,0.0,0.0,134.81402587890625,155.97,21026.943616333007,0.0,0.0,0.0,134.81402587890625,21026.943616333007
2024-09-20 08:00:00,8,20,0,0.0,0.0,485.301513671875,125.92,61109.1666015625,0.0,0.0,0.0,485.301513671875,61109.1666015625
2024-09-20 09:00:00,9,20,6,2.01,3.99,458.8780212402344,105.49,48407.04246063232,3.99,0.0,3.99,458.8780212402344,48407.04246063232
2024-09-20 10:00:00,10,20,25,7.77,17.23,424.2427368164063,92.75,39348.51383972169,17.23,0.0,21.22,424.2427368164063,39348.51383972169
2024-09-20 11:00:00,11,20,60,14.5,45.5,381.50579833984375,81.12,30947.750361328126,45.5,0.0,66.72,381.50579833984375,30947.750361328126
2024-09-20 12:00:00,12,20,90,21.51,68.49,432.7110595703125,73.02,31596.561569824218,33.28,0.0,100.0,432.7110595703125,31596.561569824218
2024-09-20 13:00:00,13,20,105,64.72,40.28,355.6677551269531,69.44,24697.568916015625,0.0,0.0,100.0,355.6677551269531,24697.568916015625
2024-09-20 14:00:00,14,20,105,78.67,26.33,368.4417114257813,74.3,27375.21915893555,0.0,0.0,100.0,368.4417114257813,27375.21915893555
2024-09-20 15:00:00,15,20,101,82.85,18.150000000000006,243.92648315429688,94.21,22980.313977966307,0.0,0.0,100.0,243.92648315429688,22980.313977966307
2024-09-20 16:00:00,16,20,93,83.6,9.400000000000006,290.7450561523437,121.09,35206.318849487296,0.0,0.0,100.0,290.7450561523437,35206.318849487296
2024-09-20 17:00:00,17,20,81,41.14,39.86,168.0491180419922,151.06,25385.49977142334,0.0,0.0,100.0,168.0491180419922,25385.49977142334
2024-09-20 18:00:00,18,20,56,33.88,22.119999999999997,191.9424591064453,159.44,30603.30567993164,0.0,100.0,0.0,91.94245910644531,14659.30567993164
2024-09-20 19:00:00,19,20,32,16.93,15.07,317.6351318359375,156.26,49633.66570068359,0.0,0.0,0.0,317.6351318359375,49633.66570068359
2024-09-20 20:00:00,20,20,12,7.72,4.28,126.7115249633789,151.5,19196.796031951904,0.0,0.0,0.0,126.7115249633789,19196.796031951904
2024-09-20 21:00:00,21,20,4,0.13,3.87,113.72354888916016,141.17,16054.353396682738,0.0,0.0,0.0,113.72354888916016,16054.353396682738
2024-09-20 22:00:00,22,20,0,0.0,0.0,126.55756378173828,129.39,16375.283177719115,0.0,0.0,0.0,126.55756378173828,16375.283177719115
2024-09-20 23:00:00,23,20,0,0.0,0.0,125.46952056884766,117.36,14725.10293395996,0.0,0.0,0.0,125.46952056884766,14725.10293395996
2024-09-21 00:00:00,0,21,0,0.0,0.0,119.94685363769533,121.85,14615.524115753175,0.0,0.0,0.0,119.94685363769533,14615.524115753175
2024-09-21 01:00:00,1,21,0,0.0,0.0,126.03516387939452,121.23,15279.242917098998,0.0,0.0,0.0,126.03516387939452,15279.242917098998
2024-09-21 02:00:00,2,21,0,0.0,0.0,122.8208465576172,124.76,15323.128816528322,0.0,0.0,0.0,122.8208465576172,15323.128816528322
2024-09-21 03:00:00,3,21,0,0.0,0.0,122.02433776855467,129.57,15810.693444671628,0.0,0.0,0.0,122.02433776855467,15810.693444671628
2024-09-21 04:00:00,4,21,0,0.0,0.0,123.2703094482422,126.91,15644.234972076418,0.0,0.0,0.0,123.2703094482422,15644.234972076418
2024-09-21 05:00:00,5,21,0,0.0,0.0,118.6242218017578,118.14,14014.265563659666,0.0,0.0,0.0,118.6242218017578,14014.265563659666
2024-09-21 06:00:00,6,21,0,0.0,0.0,119.84513854980467,117.34,14062.62855743408,0.0,0.0,0.0,119.84513854980467,14062.62855743408
2024-09-21 07:00:00,7,21,0,0.0,0.0,119.53187561035156,110.53,13211.858211212158,0.0,0.0,0.0,119.53187561035156,13211.858211212158
2024-09-21 08:00:00,8,21,2,0.05,1.95,109.81554412841795,92.1,10114.011614227293,1.95,0.0,1.95,109.81554412841795,10114.011614227293
2024-09-21 09:00:00,9,21,5,3.85,1.15,71.93997955322266,75.48,5430.029656677247,1.15,0.0,3.0999999999999996,71.93997955322266,5430.029656677247
2024-09-21 10:00:00,10,21,8,12.46,0.0,53.01512908935547,58.18,3084.420210418701,0.0,0.0,3.0999999999999996,53.01512908935547,3084.420210418701
2024-09-21 11:00:00,11,21,13,11.04,1.9600000000000009,57.2446174621582,51.41,2942.945783729553,1.9600000000000009,0.0,5.0600000000000005,57.2446174621582,2942.945783729553
2024-09-21 12:00:00,12,21,20,17.32,2.6799999999999997,53.69390869140625,51.06,2741.6109777832035,2.6799999999999997,0.0,7.74,53.69390869140625,2741.6109777832035
2024-09-21 13:00:00,13,21,26,22.83,3.1700000000000017,42.83372497558594,49.41,2116.414351043701,3.1700000000000017,0.0,10.910000000000002,42.83372497558594,2116.414351043701
2024-09-21 14:00:00,14,21,27,17.03,9.969999999999999,46.20249176025391,47.31,2185.839885177613,9.969999999999999,0.0,20.880000000000003,46.20249176025391,2185.839885177613
2024-09-21 15:00:00,15,21,29,86.2,0.0,15.80474853515625,50.16,792.7661865234375,0.0,0.0,20.880000000000003,15.80474853515625,792.7661865234375
2024-09-21 16:00:00,16,21,30,67.09,0.0,14.379459381103516,74.36,1069.2565995788575,0.0,0.0,20.880000000000003,14.379459381103516,1069.2565995788575
2024-09-21 17:00:00,17,21,27,10.65,16.35,52.115821838378906,112.15,5844.789419174194,16.35,0.0,37.230000000000004,52.115821838378906,5844.789419174194
2024-09-21 18:00:00,18,21,22,12.33,9.67,54.69850158691406,126.46,6917.172510681152,0.0,37.230000000000004,0.0,17.46850158691406,2209.0667106811516
2024-09-21 19:00:00,19,21,17,19.43,0.0,43.57770538330078,131.21,5717.830723342896,0.0,0.0,0.0,43.57770538330078,5717.830723342896
2024-09-21 20:00:00,20,21,11,7.55,3.45,56.04945373535156,131.63,7377.789595184326,0.0,0.0,0.0,56.04945373535156,7377.789595184326
2024-09-21 21:00:00,21,21,6,0.13,5.87,89.54171752929688,130.16,11654.749953613282,0.0,0.0,0.0,89.54171752929688,11654.749953613282
2024-09-21 22:00:00,22,21,0,0.0,0.0,92.67228698730467,129.74,12023.30251373291,0.0,0.0,0.0,92.67228698730467,12023.30251373291
2024-09-21 23:00:00,23,21,0,0.0,0.0,96.0557098388672,127.6,12256.708575439454,0.0,0.0,0.0,96.0557098388672,12256.708575439454
2024-09-22 00:00:00,0,22,0,0.0,0.0,96.37673950195312,123.76,11927.58528076172,0.0,0.0,0.0,96.37673950195312,11927.58528076172
2024-09-22 01:00:00,1,22,0,0.0,0.0,38.7295036315918,121.11,4690.530184822082,0.0,0.0,0.0,38.7295036315918,4690.530184822082
2024-09-22 02:00:00,2,22,0,0.0,0.0,38.75493621826172,117.34,4547.50421585083,0.0,0.0,0.0,38.75493621826172,4547.50421585083
2024-09-22 03:00:00,3,22,0,0.0,0.0,94.20956420898438,125.15,11790.326960754395,0.0,0.0,0.0,94.20956420898438,11790.326960754395
2024-09-22 04:00:00,4,22,0,0.0,0.0,97.3201904296875,129.45,12598.098651123046,0.0,0.0,0.0,97.3201904296875,12598.098651123046
2024-09-22 05:00:00,5,22,0,0.0,0.0,95.08435821533205,135.79,12911.505002059937,0.0,0.0,0.0,95.08435821533205,12911.505002059937
2024-09-22 06:00:00,6,22,0,0.0,0.0,99.6566162109375,139.49,13901.101395263673,0.0,0.0,0.0,99.6566162109375,13901.101395263673
2024-09-22 07:00:00,7,22,0,0.0,0.0,99.57643127441406,114.13,11364.658101348876,0.0,0.0,0.0,99.57643127441406,11364.658101348876
2024-09-22 08:00:00,8,22,4,0.02,3.98,95.95297241210938,74.83,7180.160925598145,3.98,0.0,3.98,95.95297241210938,7180.160925598145
2024-09-22 09:00:00,9,22,9,3.3,5.7,76.8175277709961,55.8,4286.418049621582,5.7,0.0,9.68,76.8175277709961,4286.418049621582
2024-09-22 10:00:00,10,22,16,20.46,0.0,48.38459777832031,54.82,2652.4436502075196,0.0,0.0,9.68,48.38459777832031,2652.4436502075196
2024-09-22 11:00:00,11,22,26,11.69,14.31,52.00279235839844,49.78,2588.6990036010743,14.31,0.0,23.990000000000002,52.00279235839844,2588.6990036010743
2024-09-22 12:00:00,12,22,37,12.29,24.71,56.45772552490234,50.71,2862.9712613677975,24.71,0.0,48.7,56.45772552490234,2862.9712613677975
2024-09-22 13:00:00,13,22,46,58.03,0.0,33.49497985839844,55.61,1862.655829925537,0.0,0.0,48.7,33.49497985839844,1862.655829925537
2024-09-22 14:00:00,14,22,49,87.91,0.0,16.94741439819336,54.28,919.9056535339356,0.0,0.0,48.7,16.94741439819336,919.9056535339356
2024-09-22 15:00:00,15,22,48,12.06,35.94,52.24595642089844,61.27,3201.1097499084476,35.94,0.0,84.64,52.24595642089844,3201.1097499084476
2024-09-22 16:00:00,16,22,45,22.15,22.85,50.284950256347656,78.47,3945.8600466156004,15.36,0.0,100.0,50.284950256347656,3945.8600466156004
2024-09-22 17:00:00,17,22,38,79.16,0.0,7.239037036895752,120.09,869.3359577608109,0.0,0.0,100.0,7.239037036895752,869.3359577608109
2024-09-22 18:00:00,18,22,31,62.58,0.0,19.96859359741211,137.68,2749.2759664916994,0.0,19.96859359741211,80.03140640258789,0.0,0.0
2024-09-22 19:00:00,19,22,23,22.23,0.7699999999999996,46.69513702392578,137.14,6403.771091461181,0.0,46.69513702392578,33.33626937866211,0.0,0.0
2024-09-22 20:00:00,20,22,13,9.24,3.76,63.25994873046875,130.38,8247.832115478515,0.0,33.33626937866211,0.0,29.92367935180664,3901.4493138885496
2024-09-22 21:00:00,21,22,7,0.12,6.88,91.59172058105467,125.22,11469.115251159667,0.0,0.0,0.0,91.59172058105467,11469.115251159667
2024-09-22 22:00:00,22,22,0,0.0,0.0,100.39028930664062,121.01,12148.228908996583,0.0,0.0,0.0,100.39028930664062,12148.228908996583
2024-09-22 23:00:00,23,22,0,0.0,0.0,97.29788208007812,120.01,11676.718828430176,0.0,0.0,0.0,97.29788208007812,11676.718828430176
2024-09-23 00:00:00,0,23,0,0.0,0.0,97.2886962890625,117.72,11452.825327148437,0.0,0.0,0.0,97.2886962890625,11452.825327148437
2024-09-23 01:00:00,1,23,0,0.0,0.0,97.5378646850586,118.98,11605.055140228273,0.0,0.0,0.0,97.5378646850586,11605.055140228273
2024-09-23 02:00:00,2,23,0,0.0,0.0,97.35958862304688,122.65,11941.1535446167,0.0,0.0,0.0,97.35958862304688,11941.1535446167
2024-09-23 03:00:00,3,23,0,0.0,0.0,98.16873931884766,135.49,13300.88249031067,0.0,0.0,0.0,98.16873931884766,13300.88249031067
2024-09-23 04:00:00,4,23,0,0.0,0.0,98.18971252441406,146.42,14376.937707824705,0.0,0.0,0.0,98.18971252441406,14376.937707824705
2024-09-23 05:00:00,5,23,0,0.0,0.0,97.6291961669922,147.82,14431.547777404787,0.0,0.0,0.0,97.6291961669922,14431.547777404787
2024-09-23 06:00:00,6,23,0,0.0,0.0,96.01246643066406,151.08,14505.563428344727,0.0,0.0,0.0,96.01246643066406,14505.563428344727
2024-09-23 07:00:00,7,23,0,0.0,0.0,128.19932556152344,129.01,16538.99499069214,0.0,0.0,0.0,128.19932556152344,16538.99499069214
2024-09-23 08:00:00,8,23,1,0.11,0.89,595.546630859375,87.52,52122.241132812494,0.89,0.0,0.89,595.546630859375,52122.241132812494
2024-09-23 09:00:00,9,23,10,4.71,5.29,469.1432495117188,59.66,27989.086265869144,5.29,0.0,6.18,469.1432495117188,27989.086265869144
2024-09-23 10:00:00,10,23,36,32.51,3.490000000000002,427.5239868164063,50.14,21436.052698974614,3.490000000000002,0.0,9.670000000000002,427.5239868164063,21436.052698974614
2024-09-23 11:00:00,11,23,76,74.11,1.8900000000000006,322.639404296875,50.05,16148.102185058593,1.8900000000000006,0.0,11.560000000000002,322.639404296875,16148.102185058593
2024-09-23 12:00:00,12,23,104,109.59,0.0,338.5439758300781,48.5,16419.38282775879,0.0,0.0,11.560000000000002,338.5439758300781,16419.38282775879
2024-09-23 13:00:00,13,23,113,128.49,0.0,328.25640869140625,47.9,15723.481976318359,0.0,0.0,11.560000000000002,328.25640869140625,15723.481976318359
2024-09-23 14:00:00,14,23,112,125.43,0.0,230.64501953125,49.43,11400.783315429688,0.0,0.0,11.560000000000002,230.64501953125,11400.783315429688
2024-09-23 15:00:00,15,23,110,82.24,27.760000000000005,104.27268981933594,56.45,5886.193340301514,27.760000000000005,0.0,39.32000000000001,104.27268981933594,5886.193340301514
2024-09-23 16:00:00,16,23,106,107.33,0.0,141.4369659423828,83.27,11777.456154022217,0.0,0.0,39.32000000000001,141.4369659423828,11777.456154022217
2024-09-23 17:00:00,17,23,97,96.71,0.29000000000000625,92.88993072509766,120.18,11163.511874542237,0.29000000000000625,0.0,39.610000000000014,92.88993072509766,11163.511874542237
2024-09-23 18:00:00,18,23,82,84.68,0.0,133.85699462890625,144.4,19328.95002441406,0.0,39.610000000000014,0.0,94.24699462890624,13609.26602441406
2024-09-23 19:00:00,19,23,59,40.18,18.82,135.44476318359375,144.99,19638.13621398926,0.0,0.0,0.0,135.44476318359375,19638.13621398926
2024-09-23 20:00:00,20,23,22,8.09,13.91,57.33274459838867,139.31,7987.024650001526,0.0,0.0,0.0,57.33274459838867,7987.024650001526
2024-09-23 21:00:00,21,23,7,0.08,6.92,48.267555236816406,133.5,6443.71862411499,0.0,0.0,0.0,48.267555236816406,6443.71862411499
2024-09-23 22:00:00,22,23,0,0.0,0.0,108.53524780273438,117.52,12755.062321777343,0.0,0.0,0.0,108.53524780273438,12755.062321777343
2024-09-23 23:00:00,23,23,0,0.0,0.0,102.5137939453125,111.64,11444.639956054687,0.0,0.0,0.0,102.5137939453125,11444.639956054687
2024-09-24 00:00:00,0,24,0,0.0,0.0,101.2091827392578,114.66,11604.6448928833,0.0,0.0,0.0,101.2091827392578,11604.6448928833
2024-09-24 01:00:00,1,24,0,0.0,0.0,97.2049560546875,114.66,11145.52026123047,0.0,0.0,0.0,97.2049560546875,11145.52026123047
2024-09-24 02:00:00,2,24,0,0.0,0.0,97.18017578125,116.31,11303.026245117188,0.0,0.0,0.0,97.18017578125,11303.026245117188
2024-09-24 03:00:00,3,24,0,0.0,0.0,98.32466888427734,122.37,12031.98973136902,0.0,0.0,0.0,98.32466888427734,12031.98973136902
2024-09-24 04:00:00,4,24,0,0.0,0.0,97.53611755371094,131.73,12848.43276535034,0.0,0.0,0.0,97.53611755371094,12848.43276535034
2024-09-24 05:00:00,5,24,0,0.0,0.0,98.89756774902344,134.21,13273.042567596436,0.0,0.0,0.0,98.89756774902344,13273.042567596436
2024-09-24 06:00:00,6,24,0,0.0,0.0,103.74055480957033,135.38,14044.39631011963,0.0,0.0,0.0,103.74055480957033,14044.39631011963
2024-09-24 07:00:00,7,24,0,0.0,0.0,121.22412872314452,132.68,16084.017398986814,0.0,0.0,0.0,121.22412872314452,16084.017398986814
2024-09-24 08:00:00,8,24,4,0.05,3.95,522.7459106445312,109.42,57198.85754272461,3.95,0.0,3.95,522.7459106445312,57198.85754272461
2024-09-24 09:00:00,9,24,14,2.85,11.15,484.81353759765625,90.24,43749.5736328125,11.15,0.0,15.100000000000001,484.81353759765625,43749.5736328125
2024-09-24 10:00:00,10,24,35,15.69,19.310000000000002,459.9426879882813,79.05,36358.46948547364,19.310000000000002,0.0,34.410000000000004,459.9426879882813,36358.46948547364
2024-09-24 11:00:00,11,24,64,48.69,15.310000000000002,338.2239074707031,67.96,22985.696751708983,15.310000000000002,0.0,49.720000000000006,338.2239074707031,22985.696751708983
2024-09-24 12:00:00,12,24,86,60.06,25.939999999999998,368.0260620117188,64.05,23572.06927185059,25.939999999999998,0.0,75.66,368.0260620117188,23572.06927185059
2024-09-24 13:00:00,13,24,97,97.72,0.0,341.56597900390625,61.28,20931.163193359374,0.0,0.0,75.66,341.56597900390625,20931.163193359374
2024-09-24 14:00:00,14,24,97,83.24,13.760000000000005,312.57525634765625,62.7,19598.46857299805,13.760000000000005,0.0,89.42,312.57525634765625,19598.46857299805
2024-09-24 15:00:00,15,24,96,50.7,45.3,244.59841918945312,73.87,18068.485225524902,10.579999999999998,0.0,100.0,244.59841918945312,18068.485225524902
2024-09-24 16:00:00,16,24,92,37.2,54.8,245.443115234375,97.05,23820.254333496094,0.0,0.0,100.0,245.443115234375,23820.254333496094
2024-09-24 17:00:00,17,24,80,95.62,0.0,198.6041259765625,127.37,25296.207525634767,0.0,0.0,100.0,198.6041259765625,25296.207525634767
2024-09-24 18:00:00,18,24,59,61.12,0.0,167.26934814453125,148.27,24801.02624938965,0.0,100.0,0.0,67.26934814453125,9974.02624938965
2024-09-24 19:00:00,19,24,37,23.72,13.280000000000001,168.70677185058594,147.8,24934.860879516604,0.0,0.0,0.0,168.70677185058594,24934.860879516604
2024-09-24 20:00:00,20,24,17,4.11,12.89,190.6621551513672,144.72,27592.62709350586,0.0,0.0,0.0,190.6621551513672,27592.62709350586
2024-09-24 21:00:00,21,24,7,0.02,6.98,160.66635131835938,131.88,21188.678411865232,0.0,0.0,0.0,160.66635131835938,21188.678411865232
2024-09-24 22:00:00,22,24,0,0.0,0.0,101.75186157226562,113.11,11509.153062438965,0.0,0.0,0.0,101.75186157226562,11509.153062438965
2024-09-24 23:00:00,23,24,0,0.0,0.0,98.3660888671875,99.71,9808.082720947265,0.0,0.0,0.0,98.3660888671875,9808.082720947265
2024-09-25 00:00:00,0,25,0,0.0,0.0,95.61480712890624,91.78,8775.526998291014,0.0,0.0,0.0,95.61480712890624,8775.526998291014
2024-09-25 01:00:00,1,25,0,0.0,0.0,99.56777954101562,90.8,9040.754382324218,0.0,0.0,0.0,99.56777954101562,9040.754382324218
2024-09-25 02:00:00,2,25,0,0.0,0.0,100.62291717529295,90.59,9115.430066909788,0.0,0.0,0.0,100.62291717529295,9115.430066909788
2024-09-25 03:00:00,3,25,0,0.0,0.0,99.03128051757812,91.89,9099.984366760254,0.0,0.0,0.0,99.03128051757812,9099.984366760254
2024-09-25 04:00:00,4,25,0,0.0,0.0,99.866943359375,95.24,9511.327685546874,0.0,0.0,0.0,99.866943359375,9511.327685546874
2024-09-25 05:00:00,5,25,0,0.0,0.0,100.20564270019533,101.81,10201.936483306887,0.0,0.0,0.0,100.20564270019533,10201.936483306887
2024-09-25 06:00:00,6,25,0,0.0,0.0,100.5747299194336,104.69,10529.168475265502,0.0,0.0,0.0,100.5747299194336,10529.168475265502
2024-09-25 07:00:00,7,25,0,0.0,0.0,127.33853912353516,93.35,11887.052627182005,0.0,0.0,0.0,127.33853912353516,11887.052627182005
2024-09-25 08:00:00,8,25,0,0.0,0.0,507.9656982421875,75.29,38244.7374206543,0.0,0.0,0.0,507.9656982421875,38244.7374206543
2024-09-25 09:00:00,9,25,5,2.88,2.12,495.0073852539063,57.89,28655.977532348636,2.12,0.0,2.12,495.0073852539063,28655.977532348636
2024-09-25 10:00:00,10,25,17,17.47,0.0,451.212158203125,50.8,22921.57763671875,0.0,0.0,2.12,451.212158203125,22921.57763671875
2024-09-25 11:00:00,11,25,38,20.78,17.22,379.697021484375,49.42,18764.62680175781,17.22,0.0,19.34,379.697021484375,18764.62680175781
2024-09-25 12:00:00,12,25,61,39.24,21.759999999999998,407.326904296875,51.92,21148.41287109375,21.759999999999998,0.0,41.099999999999994,407.326904296875,21148.41287109375
2024-09-25 13:00:00,13,25,76,78.24,0.0,395.16455078125,51.38,20303.554619140625,0.0,0.0,41.099999999999994,395.16455078125,20303.554619140625
2024-09-25 14:00:00,14,25,72,60.85,11.149999999999999,324.1572265625,51.16,16583.883710937498,11.149999999999999,0.0,52.24999999999999,324.1572265625,16583.883710937498
2024-09-25 15:00:00,15,25,67,62.3,4.700000000000003,142.00741577148438,51.16,7265.09939086914,4.700000000000003,0.0,56.949999999999996,142.00741577148438,7265.09939086914
2024-09-25 16:00:00,16,25,62,40.1,21.9,89.58610534667969,56.15,5030.259815216064,21.9,0.0,78.85,89.58610534667969,5030.259815216064
2024-09-25 17:00:00,17,25,53,67.69,0.0,117.19216918945312,69.14,8102.66657775879,0.0,0.0,78.85,117.19216918945312,8102.66657775879
2024-09-25 18:00:00,18,25,37,66.15,0.0,110.95435333251952,80.38,8918.510920867919,0.0,78.85,0.0,32.10435333251952,2580.547920867919
2024-09-25 19:00:00,19,25,23,35.78,0.0,244.28372192382807,84.36,20607.774781494136,0.0,0.0,0.0,244.28372192382807,20607.774781494136
2024-09-25 20:00:00,20,25,9,6.5,2.5,281.7841186523437,81.07,22844.2384991455,0.0,0.0,0.0,281.7841186523437,22844.2384991455
2024-09-25 21:00:00,21,25,3,0.0,3.0,163.7323760986328,65.97,10801.424851226806,0.0,0.0,0.0,163.7323760986328,10801.424851226806
2024-09-25 22:00:00,22,25,0,0.0,0.0,114.69654846191406,53.23,6105.2972746276855,0.0,0.0,0.0,114.69654846191406,6105.2972746276855
2024-09-25 23:00:00,23,25,0,0.0,0.0,109.48187255859376,52.47,5744.513853149415,0.0,0.0,0.0,109.48187255859376,5744.513853149415
2024-09-26 00:00:00,0,26,0,0.0,0.0,107.47100830078124,58.13,6247.2897125244135,0.0,0.0,0.0,107.47100830078124,6247.2897125244135
2024-09-26 01:00:00,1,26,0,0.0,0.0,111.69076538085938,56.93,6358.555273132324,0.0,0.0,0.0,111.69076538085938,6358.555273132324
2024-09-26 02:00:00,2,26,0,0.0,0.0,114.14313507080078,58.7,6700.202028656006,0.0,0.0,0.0,114.14313507080078,6700.202028656006
2024-09-26 03:00:00,3,26,0,0.0,0.0,107.08558654785156,58.84,6300.915912475586,0.0,0.0,0.0,107.08558654785156,6300.915912475586
2024-09-26 04:00:00,4,26,0,0.0,0.0,112.4712371826172,57.67,6486.216248321534,0.0,0.0,0.0,112.4712371826172,6486.216248321534
2024-09-26 05:00:00,5,26,0,0.0,0.0,109.01815032958984,63.58,6931.373997955322,0.0,0.0,0.0,109.01815032958984,6931.373997955322
2024-09-26 06:00:00,6,26,0,0.0,0.0,102.79119873046876,66.82,6868.507899169922,0.0,0.0,0.0,102.79119873046876,6868.507899169922
2024-09-26 07:00:00,7,26,0,0.0,0.0,113.20162963867188,62.06,7025.293135375977,0.0,0.0,0.0,113.20162963867188,7025.293135375977
2024-09-26 08:00:00,8,26,2,0.06,1.94,536.5040283203125,52.64,28241.57205078125,1.94,0.0,1.94,536.5040283203125,28241.57205078125
2024-09-26 09:00:00,9,26,9,4.46,4.54,503.7837829589844,51.6,25995.243200683595,4.54,0.0,6.48,503.7837829589844,25995.243200683595
2024-09-26 10:00:00,10,26,26,38.42,0.0,469.9406127929688,47.36,22256.387421875002,0.0,0.0,6.48,469.9406127929688,22256.387421875002
2024-09-26 11:00:00,11,26,56,82.65,0.0,296.1996765136719,46.66,13820.676906127928,0.0,0.0,6.48,296.1996765136719,13820.676906127928
2024-09-26 12:00:00,12,26,84,63.01,20.990000000000002,385.536865234375,46.78,18035.41455566406,20.990000000000002,0.0,27.470000000000002,385.536865234375,18035.41455566406
2024-09-26 13:00:00,13,26,96,56.52,39.48,381.36859130859375,48.54,18511.63142211914,39.48,0.0,66.95,381.36859130859375,18511.63142211914
2024-09-26 14:00:00,14,26,89,34.81,54.19,348.9183349609375,49.19,17163.292896728515,33.05,0.0,100.0,348.9183349609375,17163.292896728515
2024-09-26 15:00:00,15,26,78,89.67,0.0,196.30633544921875,49.63,9742.683428344728,0.0,0.0,100.0,196.30633544921875,9742.683428344728
2024-09-26 16:00:00,16,26,65,119.04,0.0,154.28936767578125,53.14,8198.936998291016,0.0,0.0,100.0,154.28936767578125,8198.936998291016
2024-09-26 17:00:00,17,26,49,51.96,0.0,323.47882080078125,72.21,23358.40565002441,0.0,0.0,100.0,323.47882080078125,23358.40565002441
2024-09-26 18:00:00,18,26,33,22.3,10.7,296.4255676269531,87.98,26079.52143981934,0.0,100.0,0.0,196.42556762695312,17281.52143981934
2024-09-26 19:00:00,19,26,21,41.61,0.0,299.13433837890625,93.34,27921.19914428711,0.0,0.0,0.0,299.13433837890625,27921.19914428711
2024-09-26 20:00:00,20,26,10,7.07,2.9299999999999997,293.2424011230469,72.37,21221.952569274905,0.0,0.0,0.0,293.2424011230469,21221.952569274905
2024-09-26 21:00:00,21,26,4,0.0,4.0,101.86334228515624,57.71,5878.5334832763665,0.0,0.0,0.0,101.86334228515624,5878.5334832763665
2024-09-26 22:00:00,22,26,0,0.0,0.0,104.48756408691406,51.94,5427.0840786743165,0.0,0.0,0.0,104.48756408691406,5427.0840786743165
2024-09-26 23:00:00,23,26,0,0.0,0.0,103.39359283447266,52.95,5474.690740585327,0.0,0.0,0.0,103.39359283447266,5474.690740585327
2024-09-27 00:00:00,0,27,0,0.0,0.0,100.95132446289062,54.02,5453.390547485352,0.0,0.0,0.0,100.95132446289062,5453.390547485352
2024-09-27 01:00:00,1,27,0,0.0,0.0,94.4012680053711,55.22,5212.838019256592,0.0,0.0,0.0,94.4012680053711,5212.838019256592
2024-09-27 02:00:00,2,27,0,0.0,0.0,95.1288604736328,55.22,5253.015675354003,0.0,0.0,0.0,95.1288604736328,5253.015675354003
2024-09-27 03:00:00,3,27,0,0.0,0.0,94.9103546142578,56.83,5393.755452728271,0.0,0.0,0.0,94.9103546142578,5393.755452728271
2024-09-27 04:00:00,4,27,0,0.0,0.0,93.3349151611328,57.67,5382.6245573425285,0.0,0.0,0.0,93.3349151611328,5382.6245573425285
2024-09-27 05:00:00,5,27,0,0.0,0.0,94.67323303222656,62.61,5927.491120147705,0.0,0.0,0.0,94.67323303222656,5927.491120147705
2024-09-27 06:00:00,6,27,0,0.0,0.0,95.70515441894533,66.41,6355.779304962159,0.0,0.0,0.0,95.70515441894533,6355.779304962159
2024-09-27 07:00:00,7,27,0,0.0,0.0,115.0846710205078,56.43,6494.227985687255,0.0,0.0,0.0,115.0846710205078,6494.227985687255
2024-09-27 08:00:00,8,27,2,0.04,1.96,533.9063720703125,44.21,23604.000709228516,1.96,0.0,1.96,533.9063720703125,23604.000709228516
2024-09-27 09:00:00,9,27,13,3.34,9.66,490.0356140136719,42.65,20900.018937683104,9.66,0.0,11.620000000000001,490.0356140136719,20900.018937683104
2024-09-27 10:00:00,10,27,42,32.47,9.530000000000001,427.7119140625,42.24,18066.55125,9.530000000000001,0.0,21.150000000000002,427.7119140625,18066.55125
2024-09-27 11:00:00,11,27,80,87.73,0.0,295.8570556640625,42.85,12677.47483520508,0.0,0.0,21.150000000000002,295.8570556640625,12677.47483520508
2024-09-27 12:00:00,12,27,104,124.29,0.0,168.85450744628906,40.14,6777.819928894043,0.0,0.0,21.150000000000002,168.85450744628906,6777.819928894043
2024-09-27 13:00:00,13,27,114,135.54,0.0,192.55311554855024,40.43,7784.922461627886,0.0,0.0,21.150000000000002,192.55311554855024,7784.922461627886
2024-09-27 14:00:00,14,27,113,135.07,0.0,81.5059814453125,43.14,3516.1680395507815,0.0,0.0,21.150000000000002,81.5059814453125,3516.1680395507815
2024-09-27 15:00:00,15,27,111,114.12,0.0,97.232177734375,40.3,3918.456762695312,0.0,0.0,21.150000000000002,97.232177734375,3918.456762695312
2024-09-27 16:00:00,16,27,107,132.65,0.0,132.7576446533203,47.46,6300.677815246582,0.0,0.0,21.150000000000002,132.7576446533203,6300.677815246582
2024-09-27 17:00:00,17,27,97,45.81,51.19,309.8518371582031,78.66,24372.945510864258,51.19,0.0,72.34,309.8518371582031,24372.945510864258
2024-09-27 18:00:00,18,27,80,48.16,31.840000000000003,344.23846435546875,100.71,34668.25574523926,0.0,72.34,0.0,271.8984643554687,27382.894345239252
2024-09-27 19:00:00,19,27,58,21.05,36.95,450.03118896484375,106.01,47707.80634216309,0.0,0.0,0.0,450.03118896484375,47707.80634216309
2024-09-27 20:00:00,20,27,24,5.51,18.490000000000002,328.7320251464844,98.87,32501.735326232912,0.0,0.0,0.0,328.7320251464844,32501.735326232912
2024-09-27 21:00:00,21,27,9,0.0,9.0,109.23741912841795,86.08,9403.157038574218,0.0,0.0,0.0,109.23741912841795,9403.157038574218
2024-09-27 22:00:00,22,27,0,0.0,0.0,102.14645385742188,82.01,8377.030680847169,0.0,0.0,0.0,102.14645385742188,8377.030680847169
2024-09-27 23:00:00,23,27,0,0.0,0.0,102.37565612792967,80.96,8288.333120117186,0.0,0.0,0.0,102.37565612792967,8288.333120117186
2024-09-28 00:00:00,0,28,0,0.0,0.0,96.3687515258789,79.12,7624.69562072754,0.0,0.0,0.0,96.3687515258789,7624.69562072754
2024-09-28 01:00:00,1,28,0,0.0,0.0,91.1346206665039,79.27,7224.241380233764,0.0,0.0,0.0,91.1346206665039,7224.241380233764
2024-09-28 02:00:00,2,28,0,0.0,0.0,91.78912353515624,76.43,7015.442711791991,0.0,0.0,0.0,91.78912353515624,7015.442711791991
2024-09-28 03:00:00,3,28,0,0.0,0.0,93.88494873046876,76.17,7151.216544799806,0.0,0.0,0.0,93.88494873046876,7151.216544799806
2024-09-28 04:00:00,4,28,0,0.0,0.0,94.35287475585938,77.33,7296.307804870606,0.0,0.0,0.0,94.35287475585938,7296.307804870606
2024-09-28 05:00:00,5,28,0,0.0,0.0,94.96385192871094,80.17,7613.252009124756,0.0,0.0,0.0,94.96385192871094,7613.252009124756
2024-09-28 06:00:00,6,28,0,0.0,0.0,94.20054626464844,82.52,7773.4290777587885,0.0,0.0,0.0,94.20054626464844,7773.4290777587885
2024-09-28 07:00:00,7,28,0,0.0,0.0,94.74827575683594,56.68,5370.332269897461,0.0,0.0,0.0,94.74827575683594,5370.332269897461
2024-09-28 08:00:00,8,28,4,0.02,3.98,94.259765625,40.02,3772.2758203125004,3.98,0.0,3.98,94.259765625,3772.2758203125004
2024-09-28 09:00:00,9,28,9,0.63,8.37,42.409122467041016,36.57,1550.90160861969,8.37,0.0,12.35,42.409122467041016,1550.90160861969
2024-09-28 10:00:00,10,28,18,0.0,18.0,192.55311554855024,36.12,6955.018533613634,18.0,0.0,30.35,192.55311554855024,6955.018533613634
2024-09-28 11:00:00,11,28,30,0.0,30.0,192.55311554855024,37.11,7145.646118006699,30.0,0.0,60.35,192.55311554855024,7145.646118006699
2024-09-28 12:00:00,12,28,42,0.0,42.0,192.55311554855024,38.31,7376.70985666496,39.65,0.0,100.0,192.55311554855024,7376.70985666496
2024-09-28 13:00:00,13,28,53,0.0,53.0,192.55311554855024,39.76,7655.911874210357,0.0,0.0,100.0,192.55311554855024,7655.911874210357
2024-09-28 14:00:00,14,28,58,0.0,58.0,192.55311554855024,39.7,7644.358687277445,0.0,0.0,100.0,192.55311554855024,7644.358687277445
2024-09-28 15:00:00,15,28,60,6.17,53.83,31.118377685546875,43.04,1339.3349755859374,0.0,0.0,100.0,31.118377685546875,1339.3349755859374
2024-09-28 16:00:00,16,28,59,12.21,46.79,56.3227653503418,63.96,3602.4040718078613,0.0,0.0,100.0,56.3227653503418,3602.4040718078613
2024-09-28 17:00:00,17,28,51,12.17,38.83,56.47139739990234,108.28,6114.722910461425,0.0,0.0,100.0,56.47139739990234,6114.722910461425
2024-09-28 18:00:00,18,28,40,13.35,26.65,55.108543395996094,119.81,6602.554584274292,0.0,55.108543395996094,44.891456604003906,0.0,0.0
2024-09-28 19:00:00,19,28,29,20.18,8.82,44.61395263671875,114.83,5123.020181274414,0.0,44.61395263671875,0.27750396728515625,0.0,0.0
2024-09-28 20:00:00,20,28,14,6.4,7.6,61.07051086425781,106.67,6514.391393890381,0.0,0.27750396728515625,0.0,60.793006896972656,6484.790045700073
2024-09-28 21:00:00,21,28,7,-0.07,7.07,91.30398559570312,102.64,9371.44108154297,0.0,0.0,0.0,91.30398559570312,9371.44108154297
2024-09-28 22:00:00,22,28,0,0.0,0.0,96.84188842773438,93.58,9062.463919067382,0.0,0.0,0.0,96.84188842773438,9062.463919067382
2024-09-28 23:00:00,23,28,0,0.0,0.0,93.71977996826172,84.42,7911.823824920654,0.0,0.0,0.0,93.71977996826172,7911.823824920654
2024-09-29 00:00:00,0,29,0,0.0,0.0,93.2532958984375,86.41,8058.0172985839845,0.0,0.0,0.0,93.2532958984375,8058.0172985839845
2024-09-29 01:00:00,1,29,0,0.0,0.0,96.0460205078125,85.83,8243.629940185547,0.0,0.0,0.0,96.0460205078125,8243.629940185547
2024-09-29 02:00:00,2,29,0,0.0,0.0,97.99308776855467,80.87,7924.701007843017,0.0,0.0,0.0,97.99308776855467,7924.701007843017
2024-09-29 03:00:00,3,29,0,0.0,0.0,98.35888671875,81.14,7980.840068359375,0.0,0.0,0.0,98.35888671875,7980.840068359375
2024-09-29 04:00:00,4,29,0,0.0,0.0,97.35153198242188,83.4,8119.117767333985,0.0,0.0,0.0,97.35153198242188,8119.117767333985
2024-09-29 05:00:00,5,29,0,0.0,0.0,97.58251953125,84.33,8229.133872070312,0.0,0.0,0.0,97.58251953125,8229.133872070312
2024-09-29 06:00:00,6,29,0,0.0,0.0,101.26110076904295,84.46,8552.512570953368,0.0,0.0,0.0,101.26110076904295,8552.512570953368
2024-09-29 07:00:00,7,29,0,0.0,0.0,99.3814697265625,58.93,5856.550010986328,0.0,0.0,0.0,99.3814697265625,5856.550010986328
2024-09-29 08:00:00,8,29,1,0.11,0.89,99.84487915039062,41.38,4131.581099243164,0.89,0.0,0.89,99.84487915039062,4131.581099243164
2024-09-29 09:00:00,9,29,6,3.46,2.54,65.6385269165039,38.92,2554.6514675903322,2.54,0.0,3.43,65.6385269165039,2554.6514675903322
2024-09-29 10:00:00,10,29,14,15.61,0.0,46.0386962890625,39.31,1809.781151123047,0.0,0.0,3.43,46.0386962890625,1809.781151123047
2024-09-29 11:00:00,11,29,26,11.73,14.27,51.58003234863281,39.36,2030.1900732421875,14.27,0.0,17.7,51.58003234863281,2030.1900732421875
2024-09-29 12:00:00,12,29,41,11.27,29.73,53.06962203979492,39.79,2111.6402609634397,29.73,0.0,47.43,53.06962203979492,2111.6402609634397
2024-09-29 13:00:00,13,29,54,9.48,44.519999999999996,52.075462341308594,41.61,2166.8599880218508,44.519999999999996,0.0,91.94999999999999,52.075462341308594,2166.8599880218508
2024-09-29 14:00:00,14,29,59,44.75,14.25,37.95367431640625,41.86,1588.7408068847656,8.050000000000011,0.0,100.0,37.95367431640625,1588.7408068847656
2024-09-29 15:00:00,15,29,61,119.79,0.0,5.0,39.98,199.89999999999998,0.0,0.0,100.0,5.0,199.89999999999998
2024-09-29 16:00:00,16,29,57,114.57,0.0,5.0,46.39,231.95,0.0,0.0,100.0,5.0,231.95
2024-09-29 17:00:00,17,29,50,102.39,0.0,5.0,78.44,392.2,0.0,0.0,100.0,5.0,392.2
2024-09-29 18:00:00,18,29,39,77.67,0.0,5.0,100.04,500.20000000000005,0.0,5.0,95.0,0.0,0.0
2024-09-29 19:00:00,19,29,28,26.41,1.5899999999999999,36.26432418823242,97.69,3542.6618299484253,0.0,36.26432418823242,58.73567581176758,0.0,0.0
2024-09-29 20:00:00,20,29,13,5.77,7.23,55.02100372314453,96.88,5330.434840698242,0.0,55.02100372314453,3.714672088623047,0.0,0.0
2024-09-29 21:00:00,21,29,5,-0.05,5.05,95.14755249023438,92.74,8823.984017944336,0.0,3.714672088623047,0.0,91.43288040161133,8479.485328445435
2024-09-29 22:00:00,22,29,0,0.0,0.0,99.04173278808594,98.05,9711.041899871825,0.0,0.0,0.0,99.04173278808594,9711.041899871825
2024-09-29 23:00:00,23,29,0,0.0,0.0,99.69865417480467,98.03,9773.459068756103,0.0,0.0,0.0,99.69865417480467,9773.459068756103
2024-09-30 00:00:00,0,30,0,0.0,0.0,99.16642761230467,99.15,9832.35129776001,0.0,0.0,0.0,99.16642761230467,9832.35129776001
2024-09-30 01:00:00,1,30,0,0.0,0.0,98.07573699951172,104.92,10290.10632598877,0.0,0.0,0.0,98.07573699951172,10290.10632598877
2024-09-30 02:00:00,2,30,0,0.0,0.0,98.6984405517578,111.42,10996.980246276855,0.0,0.0,0.0,98.6984405517578,10996.980246276855
2024-09-30 03:00:00,3,30,0,0.0,0.0,99.76190185546876,121.2,12091.142504882815,0.0,0.0,0.0,99.76190185546876,12091.142504882815
2024-09-30 04:00:00,4,30,0,0.0,0.0,101.00735473632812,137.32,13870.329952392578,0.0,0.0,0.0,101.00735473632812,13870.329952392578
2024-09-30 05:00:00,5,30,0,0.0,0.0,99.99888610839844,137.66,13765.846661682128,0.0,0.0,0.0,99.99888610839844,13765.846661682128
2024-09-30 06:00:00,6,30,0,0.0,0.0,101.2976303100586,145.67,14756.025807266235,0.0,0.0,0.0,101.2976303100586,14756.025807266235
2024-09-30 07:00:00,7,30,0,0.0,0.0,157.5021514892578,116.98,18424.60168121338,0.0,0.0,0.0,157.5021514892578,18424.60168121338
2024-09-30 08:00:00,8,30,0,0.07,0.0,682.4830322265625,73.22,49971.4076196289,0.0,0.0,0.0,682.4830322265625,49971.4076196289
2024-09-30 09:00:00,9,30,12,3.36,8.64,616.580078125,48.31,29786.98357421875,8.64,0.0,8.64,616.580078125,29786.98357421875
2024-09-30 10:00:00,10,30,49,34.71,14.29,438.43310546875,40.94,17949.451337890623,14.29,0.0,22.93,438.43310546875,17949.451337890623
2024-09-30 11:00:00,11,30,95,83.86,11.14,397.05316162109375,40.52,16088.59410888672,11.14,0.0,34.07,397.05316162109375,16088.59410888672
2024-09-30 12:00:00,12,30,120,117.24,2.760000000000005,445.5945434570313,39.62,17654.45581176758,2.760000000000005,0.0,36.830000000000005,445.5945434570313,17654.45581176758
2024-09-30 13:00:00,13,30,127,128.95,0.0,395.83306884765625,41.15,16288.530783081054,0.0,0.0,36.830000000000005,395.83306884765625,16288.530783081054
2024-09-30 14:00:00,14,30,123,131.22,0.0,469.78857421875,44.8,21046.528124999997,0.0,0.0,36.830000000000005,469.78857421875,21046.528124999997
2024-09-30 15:00:00,15,30,120,128.27,0.0,438.7825317382813,57.72,25326.5277319336,0.0,0.0,36.830000000000005,438.7825317382813,25326.5277319336
2024-09-30 16:00:00,16,30,114,120.52,0.0,367.4423828125,97.29,35748.46942382813,0.0,0.0,36.830000000000005,367.4423828125,35748.46942382813
2024-09-30 17:00:00,17,30,103,106.86,0.0,388.544189453125,142.35,55309.26536865234,0.0,0.0,36.830000000000005,388.544189453125,55309.26536865234
2024-09-30 18:00:00,18,30,85,81.23,3.769999999999996,438.1198425292969,168.26,73718.04470397948,0.0,36.830000000000005,0.0,401.2898425292969,67521.02890397949
2024-09-30 19:00:00,19,30,58,36.74,21.259999999999998,532.989990234375,164.57,87714.16269287109,0.0,0.0,0.0,532.989990234375,87714.16269287109
2024-09-30 20:00:00,20,30,20,4.98,15.02,484.2136840820313,156.86,75953.75848510744,0.0,0.0,0.0,484.2136840820313,75953.75848510744
2024-09-30 21:00:00,21,30,5,-0.04,5.04,243.03988647460935,144.21,35048.78202850342,0.0,0.0,0.0,243.03988647460935,35048.78202850342
2024-09-30 22:00:00,22,30,0,0.0,0.0,111.58119201660156,121.51,13558.230641937256,0.0,0.0,0.0,111.58119201660156,13558.230641937256
2024-09-30 23:00:00,23,30,0,0.0,0.0,110.5792465209961,111.56,12336.220741882324,0.0,0.0,0.0,110.5792465209961,12336.220741882324
